rollout/ep_len_mean,time/time_elapsed,time/iterations,rollout/success_rate,rollout/ep_rew_mean,time/total_timesteps,time/fps,train/approx_kl,train/value_loss,train/explained_variance,train/entropy_loss,train/clip_fraction,train/learning_rate,train/std,train/loss,train/policy_gradient_loss,train/clip_range,train/n_updates,eval/success_rate,eval/mean_ep_length,eval/mean_reward
512.0,59,1,0.0,402.008544921875,4096,69,,,,,,,,,,,,,,
512.0,117,2,0.0,391.86279296875,8192,69,26.981964,1.384806215763092,0.13775211572647095,28.67667865753174,0.5,0.0004,0.009998681023716927,0.5450471043586731,0.07439144887030125,0.2,1,,,
512.0,176,3,0.0,391.6579284667969,12288,69,30.02283,0.40674859285354614,0.8119909763336182,28.67750072479248,0.5,0.0004,0.009998174384236336,0.4216145873069763,0.14859631657600403,0.2,2,,,
512.0,234,4,0.0,382.48919677734375,16384,69,21.078222,0.5701102018356323,0.8213929384946823,28.67769145965576,0.498046875,0.0004,0.009998258203268051,0.6081496477127075,0.16694199480116367,0.2,3,,,
512.0,293,5,0.0,376.31768798828125,20480,69,21.06255,0.5368607938289642,0.6989639699459076,28.677602767944336,0.5,0.0004,0.009998373687267303,0.43364131450653076,0.12965006660670042,0.2,4,,,
512.0,351,6,0.0,372.5243225097656,24576,69,9.382473,0.4143153056502342,0.6286562085151672,28.67775249481201,0.5,0.0004,0.009997929446399212,0.3777010440826416,0.14863834716379642,0.2,5,,,
512.0,409,7,0.0,368.603271484375,28672,69,10.975264,0.31562112644314766,0.44666147232055664,28.678275108337402,0.5,0.0004,0.009997216984629631,0.2993007302284241,0.1222476027905941,0.2,6,,,
512.0,468,8,0.0,367.4333190917969,32768,69,6.9519653,0.2885938920080662,-0.40287673473358154,28.678924560546875,0.5,0.0004,0.009996490553021431,0.24726735055446625,0.09717587195336819,0.2,7,,,
512.0,526,9,0.0,366.61181640625,36864,70,6.4473953,0.4775117337703705,0.7387050986289978,28.679542541503906,0.5,0.0004,0.009995847940444946,0.7502782344818115,0.27848859084770083,0.2,8,,,
512.0,584,10,0.0,366.15264892578125,40960,70,5.356906,0.43578121066093445,0.7714382112026215,28.679940223693848,0.49609375,0.0004,0.009995607659220695,0.49109548330307007,0.1528022876009345,0.2,9,,,
512.0,642,11,0.0,366.0466613769531,45056,70,4.293828,0.5045323222875595,0.7717550247907639,28.680256843566895,0.49609375,0.0004,0.009995145723223686,0.6913262605667114,0.2392383604310453,0.2,10,,,
512.0,701,12,0.0,366.2312927246094,49152,70,6.666237,0.653031587600708,0.8678708076477051,28.68071174621582,0.49609375,0.0004,0.009994600899517536,0.6104123592376709,0.1555847660638392,0.2,11,,,
512.0,759,13,0.0,365.17840576171875,53248,70,6.549947,0.47274601459503174,0.7484623491764069,28.68111801147461,0.4921875,0.0004,0.009994246996939182,0.44455644488334656,0.11608943587634712,0.2,12,,,
512.0,817,14,0.0,363.1982116699219,57344,70,9.092094,1.1328320503234863,0.8339350372552872,28.681570053100586,0.49609375,0.0004,0.0099936006590724,1.29305100440979,0.39132772386074066,0.2,13,,,
512.0,875,15,0.0,361.9910888671875,61440,70,9.339458,0.994915246963501,0.778004914522171,28.682086944580078,0.49609375,0.0004,0.009993103332817554,0.7522406578063965,0.17322324868291616,0.2,14,,,
512.0,934,16,0.0,361.926025390625,65536,70,11.043037,0.8398742973804474,0.7510151565074921,28.682397842407227,0.49609375,0.0004,0.009992912411689758,0.6558113098144531,0.15953193232417107,0.2,15,,,
512.0,992,17,0.0,363.2889099121094,69632,70,14.028986,1.2280701398849487,0.5966581702232361,28.682515144348145,0.5,0.0004,0.009992845356464386,0.824876070022583,0.1821033377200365,0.2,16,,,
512.0,1050,18,0.0,365.0787048339844,73728,70,21.118622,0.9405998289585114,0.4989319443702698,28.68263339996338,0.498046875,0.0004,0.009992656297981739,7.758471488952637,3.7070623827166855,0.2,17,,,
512.0,1108,19,0.0,366.5108947753906,77824,70,11.029274,0.6821253895759583,0.3406360149383545,28.68276596069336,0.498046875,0.0004,0.009992554783821106,0.5739932656288147,0.15487471548840404,0.2,18,,,
512.0,1166,20,0.0,368.12066650390625,81920,70,9.872105,0.9203300178050995,0.198095440864563,28.68287467956543,0.5,0.0004,0.009992416016757488,0.6901315450668335,0.16355373430997133,0.2,19,,,
512.0,1225,21,0.0,369.3551025390625,86016,70,12.887896,1.048068344593048,0.023944973945617676,28.68295669555664,0.498046875,0.0004,0.009992373175919056,1.3459100723266602,0.4563917703926563,0.2,20,,,
512.0,1283,22,0.0,370.198974609375,90112,70,7.5501256,0.8644101023674011,0.13036930561065674,28.682992935180664,0.49609375,0.0004,0.009992336854338646,0.749129593372345,0.18683139234781265,0.2,21,,,
512.0,1341,23,0.0,372.7131652832031,94208,70,10.195675,0.9539626836776733,0.15746575593948364,28.682950973510742,0.5,0.0004,0.009992469102144241,0.7833971977233887,0.14678361266851425,0.2,22,,,
512.0,1400,24,0.0,373.45477294921875,98304,70,13.641362,0.5620149672031403,0.5250110924243927,28.682903289794922,0.498046875,0.0004,0.009992447681725025,0.5956913828849792,0.14385736547410488,0.2,23,,,
512.0,1458,25,0.0,372.2139587402344,102400,70,9.855279,0.6772429347038269,0.6719915568828583,28.683000564575195,0.5,0.0004,0.009992257691919804,0.6227021813392639,0.14626067131757736,0.2,24,,,
512.0,1516,26,0.0,372.0567932128906,106496,70,10.103976,0.9102526605129242,-0.4828970432281494,28.68314838409424,0.498046875,0.0004,0.00999211985617876,0.7838934063911438,0.15963775105774403,0.2,25,,,
512.0,1574,27,0.0,372.2945556640625,110592,70,11.7067585,0.6561660170555115,0.8529863208532333,28.68337917327881,0.5,0.0004,0.009991745464503765,0.6317639946937561,0.16127546317875385,0.2,26,,,
512.0,1633,28,0.0,372.569580078125,114688,70,13.109722,0.5450116693973541,0.8525330573320389,28.68369197845459,0.5,0.0004,0.009991426952183247,0.539304256439209,0.1544270422309637,0.2,27,,,
512.0,1691,29,0.0,373.3535461425781,118784,70,18.734396,0.5026128739118576,0.823696494102478,28.6839656829834,0.5,0.0004,0.00999113917350769,0.508655309677124,0.14834196190349758,0.2,28,,,
512.0,1750,30,0.0,373.4731140136719,122880,70,20.03548,0.47757232189178467,0.8069002479314804,28.684131622314453,0.498046875,0.0004,0.009991059079766273,0.5142831802368164,0.15110970102250576,0.2,29,,,
512.0,1808,31,0.0,373.6957702636719,126976,70,10.706819,0.4034968763589859,0.8690575361251831,28.684290885925293,0.5,0.0004,0.009990785270929337,0.46841222047805786,0.1505506131798029,0.2,30,,,
512.0,1866,32,0.0,373.7759094238281,131072,70,3.936993,0.40646468102931976,0.834218367934227,28.684508323669434,0.498046875,0.0004,0.009990576654672623,0.4596199691295624,0.14819451980292797,0.2,31,,,
512.0,1924,33,0.0,373.50469970703125,135168,70,4.254814,0.39843320846557617,0.7689753174781799,28.68471622467041,0.49609375,0.0004,0.009990324266254902,0.5804721117019653,0.2143513048067689,0.2,32,,,
512.0,1983,34,0.0,371.7861328125,139264,70,6.128667,0.4589538276195526,0.7257514894008636,28.68490982055664,0.498046875,0.0004,0.009990147314965725,0.46398288011550903,0.14526038896292448,0.2,33,,,
512.0,2041,35,0.0,371.5807800292969,143360,70,10.841623,0.5082322210073471,0.6047976911067963,28.685047149658203,0.5,0.0004,0.009990020655095577,0.4947425127029419,0.15156429912894964,0.2,34,,,
512.0,2100,36,0.0,370.9069519042969,147456,70,9.992373,0.47634898126125336,0.5114339590072632,28.685209274291992,0.494140625,0.0004,0.009989789687097073,0.5015844106674194,0.14624759182333946,0.2,35,,,
512.0,2158,37,0.0,370.560302734375,151552,70,14.207644,0.4435884654521942,0.4670776128768921,28.68550205230713,0.498046875,0.0004,0.009989372454583645,0.5251320600509644,0.15385372750461102,0.2,36,,,
512.0,2216,38,0.0,370.5185241699219,155648,70,6.392832,0.5891070812940598,0.27254825830459595,28.685914039611816,0.49609375,0.0004,0.0099888751283288,0.5620647668838501,0.1566791534423828,0.2,37,,,
512.0,2275,39,0.0,370.34454345703125,159744,70,6.54036,0.4621981978416443,0.22400087118148804,28.68641185760498,0.494140625,0.0004,0.009988267906010151,0.4516840875148773,0.15165702812373638,0.2,38,,,
512.0,2333,40,0.0,369.23199462890625,163840,70,7.034847,0.4501632750034332,0.5935730934143066,28.686994552612305,0.4921875,0.0004,0.009987582452595234,0.7040935158729553,0.29065388068556786,0.2,39,,,
512.0,2391,41,0.0,366.57281494140625,167936,70,6.4645414,0.44193530082702637,0.5167719423770905,28.68762493133545,0.5,0.0004,0.00998686719685793,0.36275947093963623,0.11001165583729744,0.2,40,,,
512.0,2449,42,0.0,367.8349914550781,172032,70,7.224828,0.4071534126996994,0.019762933254241943,28.68822479248047,0.5,0.0004,0.009986251592636108,0.3880077600479126,0.1110667921602726,0.2,41,,,
512.0,2506,43,0.0,366.2510681152344,176128,70,4.3379955,0.8132524192333221,0.23051434755325317,28.68875789642334,0.49609375,0.0004,0.009985685348510742,0.7621419429779053,0.15562228485941887,0.2,42,,,
512.0,2564,44,0.0,367.228271484375,180224,70,4.696948,0.5786139667034149,0.5460152626037598,28.689202308654785,0.494140625,0.0004,0.00998526532202959,0.5487102270126343,0.1218478586524725,0.2,43,,,
512.0,2622,45,0.0,368.2109680175781,184320,70,4.1681128,0.7681711316108704,0.548796147108078,28.689620971679688,0.482421875,0.0004,0.009984759613871574,1.0344680547714233,0.3373577054589987,0.2,44,,,
512.0,2680,46,0.0,368.66754150390625,188416,70,2.47466,0.6579943299293518,0.5565207898616791,28.690022468566895,0.486328125,0.0004,0.009984375908970833,0.5641365051269531,0.14088458940386772,0.2,45,,,
512.0,2739,47,0.0,369.88995361328125,192512,70,2.6593845,0.6277765035629272,0.12427300214767456,28.690366744995117,0.494140625,0.0004,0.009983993135392666,0.6403156518936157,0.1679150154814124,0.2,46,,,
512.0,2797,48,0.0,370.64044189453125,196608,70,2.4565842,0.5012859106063843,0.20986729860305786,28.690722465515137,0.490234375,0.0004,0.009983586147427559,0.5860055088996887,0.19282140210270882,0.2,47,,,
512.0,2856,49,0.0,373.0328063964844,200704,70,4.009142,0.5228438377380371,0.27308547496795654,28.691057205200195,0.49609375,0.0004,0.009983253665268421,0.448415607213974,0.12467476353049278,0.2,48,,,
512.0,2914,50,0.0,374.7885437011719,204800,70,3.1526403,0.566391721367836,0.20214253664016724,28.69131851196289,0.494140625,0.0004,0.009983008727431297,0.9841228723526001,0.3913455978035927,0.2,49,,,
512.0,2973,51,0.0,376.7001037597656,208896,70,2.1477258,0.4703599512577057,0.14214545488357544,28.691547393798828,0.490234375,0.0004,0.009982743300497532,0.7339707612991333,0.272232988383621,0.2,50,,,
512.0,3031,52,0.0,376.9949645996094,212992,70,3.0212593,0.4770623594522476,0.18505311012268066,28.691777229309082,0.494140625,0.0004,0.009982498362660408,0.519241452217102,0.1541183372028172,0.2,51,,,
512.0,3089,53,0.0,379.982421875,217088,70,3.86509,0.5471758544445038,0.27249675989151,28.691996574401855,0.4921875,0.0004,0.009982259012758732,0.5668939352035522,0.16045005898922682,0.2,52,,,
512.0,3147,54,0.0,381.7107849121094,221184,70,4.2199616,0.5537627935409546,0.4357945919036865,28.69215202331543,0.48828125,0.0004,0.00998215563595295,0.8857138752937317,0.3154868520796299,0.2,53,,,
512.0,3205,55,0.0,382.8252258300781,225280,70,3.190714,0.5348387658596039,0.509525716304779,28.692358016967773,0.498046875,0.0004,0.00998180452734232,0.6240568161010742,0.17294899048283696,0.2,54,,,
512.0,3264,56,0.0,383.6938171386719,229376,70,4.1116786,0.5877046883106232,0.5687414109706879,28.69261932373047,0.494140625,0.0004,0.009981580078601837,0.5519881248474121,0.15114594902843237,0.2,55,,,
512.0,3322,57,0.0,385.4053955078125,233472,70,3.4257488,0.5775456130504608,0.6558459401130676,28.69277572631836,0.498046875,0.0004,0.009981459937989712,0.7390916347503662,0.224547004327178,0.2,56,,,
512.0,3381,58,0.0,386.69903564453125,237568,70,2.968649,0.61991086602211,0.7038290500640869,28.692920684814453,0.49609375,0.0004,0.00998125970363617,0.8461672067642212,0.29139456525444984,0.2,57,,,
512.0,3439,59,0.0,387.3254699707031,241664,70,3.0494227,0.6121129989624023,0.7530957013368607,28.693081855773926,0.498046875,0.0004,0.009981106035411358,0.5932968258857727,0.1831647353246808,0.2,58,,,
512.0,3498,60,0.0,384.712646484375,245760,70,7.2231655,0.9530583024024963,0.8733709901571274,28.693132400512695,0.498046875,0.0004,0.009981149807572365,0.7451860904693604,0.14998718537390232,0.2,59,,,
512.0,3557,61,0.0,381.71405029296875,249856,70,24.037323,1.3845803141593933,0.7666988223791122,28.69316005706787,0.5,0.0004,0.009981049224734306,0.8572641611099243,0.1500675235874951,0.2,60,,,
512.0,3615,62,0.0,378.1383056640625,253952,70,32.495422,1.0597032606601715,0.7701532691717148,28.693286895751953,0.498046875,0.0004,0.00998087227344513,0.5995478630065918,0.15842890739440918,0.2,61,,,
512.0,3674,63,0.0,375.9100646972656,258048,70,33.796318,0.7697322368621826,0.7010058462619781,28.69346523284912,0.5,0.0004,0.009980655275285244,0.4667312204837799,0.16332064848393202,0.2,62,,,
512.0,3733,64,0.0,374.182373046875,262144,70,33.949677,0.6114365458488464,0.47349411249160767,28.693591117858887,0.5,0.0004,0.009980595670640469,0.36257579922676086,0.13867402076721191,0.2,63,,,
512.0,3791,65,0.0,372.29083251953125,266240,70,29.333023,0.5512181594967842,-0.6888457536697388,28.69365692138672,0.5,0.0004,0.009980513714253902,0.3010583519935608,0.11003733985126019,0.2,64,,,
512.0,3850,66,0.0,368.85333251953125,270336,70,31.612888,0.4271930754184723,-1.8860070705413818,28.69367027282715,0.5,0.0004,0.009980568662285805,0.3033784031867981,0.10771320387721062,0.2,65,,,
512.0,3909,67,0.0,365.98101806640625,274432,70,19.319548,0.39522866159677505,-0.19453215599060059,28.69363021850586,0.5,0.0004,0.009980604983866215,0.3340369164943695,0.11137649999000132,0.2,66,,,
512.0,3967,68,0.0,363.60430908203125,278528,70,7.385516,0.410782590508461,0.40980589389801025,28.693584442138672,0.5,0.0004,0.009980675764381886,0.4194791316986084,0.14017438981682062,0.2,67,,,
512.0,4026,69,0.0,360.05316162109375,282624,70,9.773174,0.3577341139316559,0.5886854529380798,28.69346809387207,0.5,0.0004,0.009980866685509682,0.40986207127571106,0.13225816935300827,0.2,68,,,
512.0,4084,70,0.0,356.2289733886719,286720,70,11.898564,0.3618743419647217,0.6980628669261932,28.693359375,0.5,0.0004,0.009980916045606136,0.4628771245479584,0.13814930990338326,0.2,69,,,
512.0,4143,71,0.0,352.73712158203125,290816,70,14.64484,0.4403671622276306,0.7617054283618927,28.693300247192383,0.498046875,0.0004,0.009980998933315277,0.546940803527832,0.14580943062901497,0.2,70,,,
512.0,4201,72,0.0,351.5693054199219,294912,70,17.33665,0.45737966895103455,0.7898646742105484,28.69319725036621,0.5,0.0004,0.009981145150959492,0.5729079246520996,0.14504301454871893,0.2,71,,,
512.0,4260,73,0.0,352.606201171875,299008,70,15.224491,0.4074106812477112,0.8233702480792999,28.693056106567383,0.5,0.0004,0.009981309995055199,0.5492680668830872,0.1525695137679577,0.2,72,,,
512.0,4318,74,0.0,355.39398193359375,303104,70,22.728092,0.4773823171854019,0.8683748841285706,28.692931175231934,0.5,0.0004,0.009981423616409302,0.5757014751434326,0.16924900328740478,0.2,73,,,
512.0,4376,75,0.0,358.827392578125,307200,70,27.934372,0.3301526829600334,0.9235783368349075,28.692809104919434,0.5,0.0004,0.009981581941246986,0.3464040756225586,0.13216711673885584,0.2,74,,,
512.0,4434,76,0.0,362.17327880859375,311296,70,35.08543,0.17954439111053944,-0.4224644899368286,28.692683219909668,0.5,0.0004,0.009981703944504261,0.18428348004817963,0.08699909970164299,0.2,75,,,
512.0,4492,77,0.0,364.2567138671875,315392,70,28.108078,0.15689964080229402,-0.4969388246536255,28.692557334899902,0.5,0.0004,0.009981862269341946,0.1672854721546173,0.07986383140087128,0.2,76,,,
512.0,4550,78,0.0,366.8663330078125,319488,70,11.242166,0.13494938053190708,-0.8385559320449829,28.692341804504395,0.5,0.0004,0.009982180781662464,0.19571615755558014,0.0899017509073019,0.2,77,,,
512.0,4609,79,0.0,369.5302429199219,323584,70,10.542061,0.12754371762275696,-0.08918654918670654,28.692065238952637,0.5,0.0004,0.009982474148273468,0.197288379073143,0.07912830822169781,0.2,78,,,
512.0,4667,80,0.0,372.01580810546875,327680,70,27.563488,0.11801910027861595,-0.8954607248306274,28.69179058074951,0.5,0.0004,0.009982788935303688,0.21221160888671875,0.08037577755749226,0.2,79,,,
512.0,4726,81,0.0,374.782470703125,331776,70,21.649828,0.12033188715577126,-0.6313060522079468,28.691534996032715,0.5,0.0004,0.009983043186366558,0.24039044976234436,0.08556484989821911,0.2,80,,,
512.0,4784,82,0.0,377.3521423339844,335872,70,7.486204,0.16060212813317776,-0.6049976348876953,28.691338539123535,0.5,0.0004,0.009983226656913757,0.3177028298377991,0.0913675855845213,0.2,81,,,
512.0,4842,83,0.0,379.5532531738281,339968,70,30.20493,0.2064298689365387,0.8235717415809631,28.69120502471924,0.5,0.0004,0.009983337484300137,0.48411720991134644,0.1453501358628273,0.2,82,,,
512.0,4900,84,0.0,382.81072998046875,344064,70,81.290436,0.19951056130230427,0.8422287106513977,28.69107151031494,0.5,0.0004,0.00998352188616991,0.4758666753768921,0.14554705610498786,0.2,83,,,
512.0,4958,85,0.0,384.9599609375,348160,70,73.43511,0.184261878952384,-1.1028273105621338,28.69095230102539,0.5,0.0004,0.009983602911233902,0.3539450168609619,0.09116343595087528,0.2,84,,,
512.0,5016,86,0.0,385.4754943847656,352256,70,84.923744,0.23446964472532272,-1.4422316551208496,28.690911293029785,0.5,0.0004,0.009983612224459648,0.3902590274810791,0.10094173811376095,0.2,85,,,
512.0,5074,87,0.0,385.26239013671875,356352,70,131.02994,0.2142588049173355,-3.5681099891662598,28.6909122467041,0.5,0.0004,0.009983602911233902,0.33451616764068604,0.09344923263415694,0.2,86,,,
512.0,5131,88,0.0,384.1992492675781,360448,70,120.35242,0.14567682519555092,-3.8519153594970703,28.691000938415527,0.5,0.0004,0.009983418509364128,0.24387355148792267,0.09514225460588932,0.2,87,,,
512.0,5189,89,0.0,384.0802307128906,364544,70,110.15509,0.13461299613118172,-6.059828758239746,28.69117832183838,0.5,0.0004,0.009983211755752563,0.24031545221805573,0.09898867271840572,0.2,88,,,
512.0,5246,90,0.0,383.919921875,368640,70,42.142418,0.12246593087911606,-8.258981704711914,28.69133758544922,0.5,0.0004,0.009983066469430923,0.18033212423324585,0.07343233935534954,0.2,89,,,
512.0,5304,91,0.0,383.8874206542969,372736,70,37.969822,0.11328018829226494,-11.452483177185059,28.691463470458984,0.5,0.0004,0.009982931427657604,0.1819801777601242,0.07583336811512709,0.2,90,,,
512.0,5361,92,0.0,383.561279296875,376832,70,15.880461,0.06112096644937992,-13.800457954406738,28.691633224487305,0.5,0.0004,0.009982692077755928,0.17507803440093994,0.07144000008702278,0.2,91,,,
512.0,5417,93,0.0,383.0200500488281,380928,70,26.14399,0.06359533593058586,-20.83743667602539,28.691845893859863,0.5,0.0004,0.009982461109757423,0.16035258769989014,0.05996060650795698,0.2,92,,,
512.0,5474,94,0.0,382.9220275878906,385024,70,43.895496,0.07663480378687382,-21.066896438598633,28.692075729370117,0.5,0.0004,0.009982183575630188,0.16510313749313354,0.057557547464966774,0.2,93,,,
512.0,5531,95,0.0,382.877197265625,389120,70,25.350128,0.07265039440244436,-6.965617656707764,28.692347526550293,0.5,0.0004,0.009981861338019371,0.2029234617948532,0.0682433545589447,0.2,94,,,
512.0,5588,96,0.0,382.74591064453125,393216,70,39.37483,0.10606368258595467,-3.0808334350585938,28.69260311126709,0.5,0.0004,0.009981618262827396,0.2085484266281128,0.06186083797365427,0.2,95,,,
512.0,5644,97,0.0,382.6254577636719,397312,70,33.816494,0.08871966600418091,-0.8530054092407227,28.69282817840576,0.5,0.0004,0.009981363080441952,0.20699219405651093,0.0639890618622303,0.2,96,,,
512.0,5701,98,0.0,382.4986572265625,401408,70,41.40496,0.12276728078722954,-0.42291951179504395,28.693058013916016,0.5,0.0004,0.009981110692024231,0.22453422844409943,0.07527641905471683,0.2,97,,,
512.0,5758,99,0.0,382.74371337890625,405504,70,53.87386,0.13133013993501663,0.027872145175933838,28.693278312683105,0.5,0.0004,0.009980875998735428,0.24149766564369202,0.08893693424761295,0.2,98,,,
512.0,5815,100,0.0,383.194580078125,409600,70,26.963097,0.09461590647697449,0.44909942150115967,28.693413734436035,0.5,0.0004,0.009980813600122929,0.23079730570316315,0.08441148279234767,0.2,99,,,
512.0,5873,101,0.0,384.0701904296875,413696,70,14.336138,0.06437096744775772,0.45785778760910034,28.693425178527832,0.5,0.0004,0.009980853646993637,0.26865920424461365,0.11890966258943081,0.2,100,,,
512.0,5930,102,0.0,386.77093505859375,417792,70,18.186043,0.05390791594982147,0.3031110167503357,28.693459510803223,0.5,0.0004,0.009980735369026661,0.22361209988594055,0.09836983541026711,0.2,101,,,
512.0,5989,103,0.0,389.14569091796875,421888,70,12.15849,0.06205337680876255,0.5822673439979553,28.693541526794434,0.5,0.0004,0.009980672970414162,0.22657068073749542,0.09787524491548538,0.2,102,,,
512.0,6047,104,0.0,392.2391052246094,425984,70,16.589043,0.04377013724297285,-4.530083179473877,28.69364070892334,0.5,0.0004,0.009980518370866776,0.1298591047525406,0.05850304290652275,0.2,103,,,
512.0,6104,105,0.0,394.3979187011719,430080,70,21.678104,0.08235720545053482,-7.224174499511719,28.693782806396484,0.5,0.0004,0.009980356320738792,0.19075684249401093,0.07334712147712708,0.2,104,,,
512.0,6162,106,0.0,396.33453369140625,434176,70,22.709211,0.10020213201642036,-6.962728023529053,28.69390106201172,0.5,0.0004,0.009980257600545883,0.19790196418762207,0.0716239120811224,0.2,105,,,
512.0,6220,107,0.0,398.3712463378906,438272,70,16.79218,0.06680715223774314,-7.726326942443848,28.694016456604004,0.5,0.0004,0.009980101138353348,0.1803182065486908,0.08686481602489948,0.2,106,,,
512.0,6279,108,0.0,400.7096862792969,442368,70,12.400495,0.0712590254843235,-7.270242691040039,28.694153785705566,0.5,0.0004,0.00997995212674141,0.13304832577705383,0.05440661311149597,0.2,107,,,
512.0,6337,109,0.0,403.1204833984375,446464,70,9.975608,0.10271457582712173,-10.531105995178223,28.694250106811523,0.5,0.0004,0.009979885071516037,0.15293915569782257,0.06032958393916488,0.2,108,,,
512.0,6396,110,0.0,406.2544250488281,450560,70,7.926836,0.029768030159175396,-13.80012321472168,28.694257736206055,0.5,0.0004,0.009979931637644768,0.1467909961938858,0.06657085474580526,0.2,109,,,
512.0,6455,111,0.0,407.87750244140625,454656,70,15.775316,0.040662385523319244,-13.859932899475098,28.694222450256348,0.5,0.0004,0.00997996050864458,0.14214879274368286,0.06047647446393967,0.2,110,,,
512.0,6513,112,0.0,409.4483947753906,458752,70,28.693886,0.033652232959866524,-7.059425354003906,28.694165229797363,0.5,0.0004,0.009980056434869766,0.15753889083862305,0.07056736014783382,0.2,111,,,
512.0,6572,113,0.0,408.9521179199219,462848,70,15.420752,0.047141557559370995,0.015088081359863281,28.694063186645508,0.5,0.0004,0.009980184957385063,0.22851257026195526,0.1078809229657054,0.2,112,,,
512.0,6630,114,0.0,407.888916015625,466944,70,47.635574,0.04924020357429981,-0.4770653247833252,28.693965911865234,0.5,0.0004,0.009980267845094204,0.20560382306575775,0.09367595473304391,0.2,113,,,
512.0,6688,115,0.0,406.41033935546875,471040,70,58.611458,0.04804471880197525,-1.8076038360595703,28.693827629089355,0.5,0.0004,0.009980489499866962,0.16722314059734344,0.07311933767050505,0.2,114,,,
512.0,6746,116,0.0,405.66741943359375,475136,70,27.311855,0.03693000599741936,-5.823464393615723,28.693665504455566,0.5,0.0004,0.009980627335608006,0.1814190298318863,0.08314546570181847,0.2,115,,,
512.0,6804,117,0.0,403.9346008300781,479232,70,19.7247,0.052595354616642,-2.1364786624908447,28.693574905395508,0.5,0.0004,0.009980689734220505,0.19517967104911804,0.08781393431127071,0.2,116,,,
512.0,6862,118,0.0,402.6050720214844,483328,70,46.218414,0.03662864025682211,-3.346752643585205,28.693530082702637,0.5,0.0004,0.00998072512447834,0.17800477147102356,0.08395828166976571,0.2,117,,,
512.0,6920,119,0.0,402.2559814453125,487424,70,31.427834,0.04492173530161381,-3.2578630447387695,28.693522453308105,0.5,0.0004,0.009980705566704273,0.14342966675758362,0.06411144137382507,0.2,118,,,
512.0,6979,120,0.0,401.8702087402344,491520,70,26.117231,0.05509036220610142,-2.479672908782959,28.693500518798828,0.5,0.0004,0.009980772621929646,0.20956861972808838,0.09103105776011944,0.2,119,,,
512.0,7038,121,0.0,401.0425109863281,495616,70,15.0445595,0.03782733902335167,-7.382108688354492,28.693462371826172,0.5,0.0004,0.009980791248381138,0.1628839075565338,0.07334571704268456,0.2,120,,,
512.0,7097,122,0.0,401.1690979003906,499712,70,14.13656,0.03977679833769798,-19.757789611816406,28.69350242614746,0.5,0.0004,0.009980683214962482,0.13766203820705414,0.058490779250860214,0.2,121,,,
,,,,,500000,,17.049679,0.040706804022192955,-1.1963346004486084,28.693618774414062,0.5,0.0004,0.009980527684092522,0.1852453351020813,0.08659152965992689,0.2,122,0.0,512.0,408.6794738769531
512.0,7294,123,0.0,400.394287109375,503808,69,,,,,,,,,,,,,,
512.0,7353,124,0.0,401.0693054199219,507904,69,48.10588,0.06110373139381409,0.745099276304245,28.693775177001953,0.5,0.0004,0.009980333037674427,0.191387340426445,0.08488760143518448,0.2,123,,,
512.0,7411,125,0.0,403.3564758300781,512000,69,25.66894,0.0792776308953762,0.851526603102684,28.69399070739746,0.5,0.0004,0.009980050846934319,0.3256111741065979,0.142263725399971,0.2,124,,,
512.0,7470,126,0.0,404.9932556152344,516096,69,19.689701,0.2980113849043846,0.09165894985198975,28.694255828857422,0.49609375,0.0004,0.009979743510484695,0.34966742992401123,0.11669191159307957,0.2,125,,,
512.0,7529,127,0.0,407.78875732421875,520192,69,30.377726,0.04831658862531185,-0.9163557291030884,28.69456195831299,0.5,0.0004,0.00997937098145485,0.22578197717666626,0.10005432926118374,0.2,126,,,
512.0,7587,128,0.0,409.0369873046875,524288,69,17.564714,0.7880252301692963,0.24626129865646362,28.694833755493164,0.5,0.0004,0.009979141876101494,0.6676688194274902,0.08000189624726772,0.2,127,,,
512.0,7646,129,0.0,410.1331787109375,528384,69,16.900558,1.3121241331100464,-0.09930539131164551,28.695082664489746,0.498046875,0.0004,0.009978819638490677,0.7833045125007629,0.11416503600776196,0.2,128,,,
512.0,7704,130,0.0,411.47784423828125,532480,69,47.18667,1.7976378202438354,-0.25790536403656006,28.695343017578125,0.5,0.0004,0.009978564456105232,1.765507459640503,0.4358139354735613,0.2,129,,,
512.0,7762,131,0.0,412.7115478515625,536576,69,31.172203,1.4193789958953857,-0.31597900390625,28.695514678955078,0.5,0.0004,0.00997843686491251,0.9126863479614258,0.15214850287884474,0.2,130,,,
512.0,7820,132,0.0,412.49102783203125,540672,69,24.222645,1.4167933464050293,-0.6116906404495239,28.695605278015137,0.5,0.0004,0.009978365153074265,0.8923986554145813,0.13484118320047855,0.2,131,,,
512.0,7877,133,0.0,412.90692138671875,544768,69,19.442371,1.4263073205947876,-0.6515426635742188,28.695691108703613,0.49609375,0.0004,0.009978247806429863,1.1303019523620605,0.19424731750041246,0.2,132,,,
512.0,7935,134,0.0,412.251953125,548864,69,15.426374,0.9754966795444489,-0.3720839023590088,28.695858001708984,0.5,0.0004,0.009977994486689568,0.7188788652420044,0.1430434938520193,0.2,133,,,
512.0,7994,135,0.0,411.970703125,552960,69,40.025078,0.8715674579143524,-0.5637813806533813,28.696086883544922,0.5,0.0004,0.009977741166949272,0.7278676629066467,0.14929953403770924,0.2,134,,,
512.0,8052,136,0.0,411.46636962890625,557056,69,42.82051,0.5269168019294739,-0.2067122459411621,28.696292877197266,0.5,0.0004,0.00997753906995058,0.5673155188560486,0.14209853950887918,0.2,135,,,
512.0,8110,137,0.0,410.5668029785156,561152,69,12.81419,0.41666197776794434,0.06772631406784058,28.69646644592285,0.5,0.0004,0.009977358393371105,0.46579450368881226,0.14722201973199844,0.2,136,,,
512.0,8168,138,0.0,409.7216491699219,565248,69,48.855907,0.18949402123689651,-0.13663983345031738,28.69666576385498,0.5,0.0004,0.009977099485695362,0.369734525680542,0.14087532460689545,0.2,137,,,
512.0,8226,139,0.0,408.2684631347656,569344,69,50.467415,0.12901625782251358,-0.46008193492889404,28.696918487548828,0.5,0.0004,0.009976801462471485,0.362100750207901,0.14375380985438824,0.2,138,,,
512.0,8285,140,0.0,407.2229309082031,573440,69,25.86824,0.08471083268523216,-0.5551154613494873,28.697185516357422,0.5,0.0004,0.00997650995850563,0.2964608669281006,0.12163846148177981,0.2,139,,,
512.0,8343,141,0.0,405.942626953125,577536,69,7.7492113,0.07085990533232689,0.10604500770568848,28.697439193725586,0.5,0.0004,0.009976239874958992,0.22476153075695038,0.09947131015360355,0.2,140,,,
512.0,8401,142,0.0,404.9459228515625,581632,69,38.187336,0.07856307178735733,-0.29513657093048096,28.69758892059326,0.5,0.0004,0.009976180270314217,0.25453928112983704,0.10375976050272584,0.2,141,,,
512.0,8459,143,0.0,403.7043762207031,585728,69,12.431578,0.09701964259147644,-0.25276803970336914,28.697592735290527,0.5,0.0004,0.00997623335570097,0.23536059260368347,0.09104089019820094,0.2,142,,,
512.0,8516,144,0.0,403.78875732421875,589824,69,33.02024,0.07973750308156013,-0.13574838638305664,28.697522163391113,0.5,0.0004,0.009976336732506752,0.22894594073295593,0.0964621314778924,0.2,143,,,
512.0,8574,145,0.0,402.860595703125,593920,69,138.851,0.12682032212615013,0.4348406195640564,28.697343826293945,0.5,0.0004,0.009976629167795181,0.3025508522987366,0.11340260226279497,0.2,144,,,
512.0,8632,146,0.0,403.0299987792969,598016,69,81.314415,0.8927785754203796,0.8587024062871933,28.69708824157715,0.5,0.0004,0.009976903907954693,0.6133224964141846,0.15290795173496008,0.2,145,,,
512.0,8690,147,0.0,401.6229248046875,602112,69,92.50946,0.6807981133460999,0.6914065182209015,28.696821212768555,0.5,0.0004,0.009977218694984913,0.49654296040534973,0.14784093014895916,0.2,146,,,
512.0,8748,148,0.0,400.64227294921875,606208,69,48.655228,0.586806446313858,0.7006710469722748,28.696575164794922,0.5,0.0004,0.009977450594305992,0.4084379971027374,0.1314428634941578,0.2,147,,,
512.0,8806,149,0.0,400.7399597167969,610304,69,35.823166,0.5172849744558334,0.540684312582016,28.69635009765625,0.5,0.0004,0.009977719746530056,0.47686851024627686,0.1420508250594139,0.2,148,,,
512.0,8864,150,0.0,399.2239990234375,614400,69,56.799522,0.3592596501111984,0.22859400510787964,28.696085929870605,0.5,0.0004,0.009978038258850574,0.4275762438774109,0.12109407689422369,0.2,149,,,
512.0,8922,151,0.0,398.7588806152344,618496,69,68.83473,0.356996551156044,-0.31450533866882324,28.695823669433594,0.5,0.0004,0.009978306479752064,0.44836193323135376,0.10828652232885361,0.2,150,,,
512.0,8980,152,0.0,398.86676025390625,622592,69,76.99605,0.2917965427041054,-0.6595075130462646,28.695632934570312,0.5,0.0004,0.009978462010622025,0.3948834538459778,0.09830490685999393,0.2,151,,,
512.0,9037,153,0.0,399.02313232421875,626688,69,38.630512,0.32184670865535736,0.38296157121658325,28.695507049560547,0.5,0.0004,0.009978587739169598,0.4673745632171631,0.1249769413843751,0.2,152,,,
512.0,9095,154,0.0,399.2371520996094,630784,69,106.20795,0.29826943576335907,0.5184291005134583,28.69537925720215,0.5,0.0004,0.00997874978929758,0.49683094024658203,0.12536688055843115,0.2,153,,,
512.0,9153,155,0.0,399.938720703125,634880,69,137.0207,0.3383842036128044,0.7675385475158691,28.695242881774902,0.5,0.0004,0.009978890419006348,0.5235235095024109,0.13637814577668905,0.2,154,,,
512.0,9211,156,0.0,400.0863037109375,638976,69,180.58292,0.2945737689733505,0.7861842215061188,28.69510269165039,0.5,0.0004,0.009979061782360077,0.5233291983604431,0.15845269802957773,0.2,155,,,
512.0,9268,157,0.0,399.867919921875,643072,69,432.58026,0.28841544687747955,0.7850712984800339,28.694927215576172,0.5,0.0004,0.00997928250581026,0.48095130920410156,0.15597506798803806,0.2,156,,,
512.0,9327,158,0.0,400.57281494140625,647168,69,829.5584,0.27807167172431946,0.7574147135019302,28.694732666015625,0.5,0.0004,0.009979498572647572,0.4552432894706726,0.14550879132002592,0.2,157,,,
512.0,9384,159,0.0,402.1590881347656,651264,69,392.47052,0.42296817898750305,0.4509860873222351,28.694562911987305,0.5,0.0004,0.009979663416743279,0.5396509170532227,0.17148355580866337,0.2,158,,,
512.0,9442,160,0.0,404.0406188964844,655360,69,624.49536,0.0814235657453537,0.7361839413642883,28.69441318511963,0.5,0.0004,0.009979833848774433,0.31994113326072693,0.13703007623553276,0.2,159,,,
512.0,9500,161,0.0,404.3226623535156,659456,69,563.3417,0.05059945024549961,0.5650642514228821,28.69429111480713,0.5,0.0004,0.009979937225580215,0.2658604383468628,0.12158650532364845,0.2,160,,,
512.0,9558,162,0.0,404.6175537109375,663552,69,416.7738,0.06661045551300049,0.24408447742462158,28.694241523742676,0.5,0.0004,0.009979945607483387,0.23257778584957123,0.09890831261873245,0.2,161,,,
512.0,9616,163,0.0,404.7372131347656,667648,69,279.08496,0.047700757160782814,0.19357514381408691,28.694232940673828,0.5,0.0004,0.009979957714676857,0.20206283032894135,0.08860891126096249,0.2,162,,,
512.0,9674,164,0.0,405.4161376953125,671744,69,177.33768,0.03308221697807312,-0.8057812452316284,28.694202423095703,0.5,0.0004,0.009980013594031334,0.20780354738235474,0.09566927328705788,0.2,163,,,
512.0,9732,165,0.0,404.5518493652344,675840,69,250.39142,0.0401762705296278,-3.196828842163086,28.694159507751465,0.5,0.0004,0.009980054572224617,0.17709387838840485,0.07632470363751054,0.2,164,,,
512.0,9790,166,0.0,405.0920715332031,679936,69,125.95427,0.05950051173567772,-6.496914863586426,28.694169998168945,0.5,0.0004,0.009979990310966969,0.18239642679691315,0.07847435027360916,0.2,165,,,
512.0,9848,167,0.0,405.2566833496094,684032,69,129.62848,0.04317882098257542,-8.281543731689453,28.69420051574707,0.5,0.0004,0.009979989379644394,0.1821812093257904,0.08531697653234005,0.2,166,,,
512.0,9907,168,0.0,405.6275634765625,688128,69,51.772823,0.07394207268953323,-1.905048131942749,28.694189071655273,0.5,0.0004,0.009980018250644207,0.20501384139060974,0.08514720946550369,0.2,167,,,
512.0,9966,169,0.0,404.8700256347656,692224,69,26.260532,0.12045757845044136,-5.838680744171143,28.694156646728516,0.5,0.0004,0.009980062022805214,0.206777423620224,0.08223433652892709,0.2,168,,,
512.0,10026,170,0.0,404.7398376464844,696320,69,28.680958,0.09672392159700394,-3.2482452392578125,28.69412612915039,0.5,0.0004,0.009980089031159878,0.17189866304397583,0.07334541529417038,0.2,169,,,
512.0,10085,171,0.0,404.1733093261719,700416,69,10.943449,0.11934445425868034,-1.0138356685638428,28.694091796875,0.5,0.0004,0.009980140253901482,0.20050424337387085,0.08767487481236458,0.2,170,,,
512.0,10144,172,0.0,402.9228210449219,704512,69,5.138682,0.10866054520010948,0.47839003801345825,28.694058418273926,0.498046875,0.0004,0.009980163536965847,0.21816882491111755,0.09498299937695265,0.2,171,,,
512.0,10203,173,0.0,403.67620849609375,708608,69,5.7891,0.17586306482553482,0.7792110294103622,28.694031715393066,0.498046875,0.0004,0.009980198927223682,0.2929844260215759,0.1150914616882801,0.2,172,,,
512.0,10263,174,0.0,403.7293395996094,712704,69,10.889618,0.11170097067952156,0.598645031452179,28.69399642944336,0.5,0.0004,0.00998024083673954,0.335659921169281,0.1513257659971714,0.2,173,,,
512.0,10322,175,0.0,403.7520751953125,716800,69,21.107918,0.12167597562074661,0.7133074104785919,28.69394588470459,0.5,0.0004,0.009980310685932636,0.273507297039032,0.11587522272020578,0.2,174,,,
512.0,10382,176,0.0,403.2916259765625,720896,69,68.460464,0.12821438908576965,0.7763332575559616,28.693860054016113,0.5,0.0004,0.009980431757867336,0.33201366662979126,0.1500767171382904,0.2,175,,,
512.0,10441,177,0.0,404.41912841796875,724992,69,44.614494,0.1209816075861454,-2.315424919128418,28.693750381469727,0.5,0.0004,0.009980552829802036,0.2081177830696106,0.09308619052171707,0.2,176,,,
512.0,10501,178,0.0,404.42913818359375,729088,69,98.58523,0.10916699841618538,-1.2580695152282715,28.693620681762695,0.5,0.0004,0.009980718605220318,0.21916650235652924,0.09284359682351351,0.2,177,,,
512.0,10560,179,0.0,404.8294982910156,733184,69,172.05408,0.06697515863925219,-2.6187856197357178,28.693506240844727,0.5,0.0004,0.009980808943510056,0.20240624248981476,0.09552307426929474,0.2,178,,,
512.0,10620,180,0.0,405.3559265136719,737280,69,257.79242,0.059677138924598694,-2.779672145843506,28.69344139099121,0.5,0.0004,0.009980862028896809,0.18788962066173553,0.08831589668989182,0.2,179,,,
512.0,10680,181,0.0,406.7030334472656,741376,69,332.1931,0.059354232624173164,-2.750612735748291,28.693425178527832,0.5,0.0004,0.009980843402445316,0.21484553813934326,0.10000797733664513,0.2,180,,,
512.0,10740,182,0.0,407.86993408203125,745472,69,197.21295,0.05025966465473175,-2.605013132095337,28.69347095489502,0.5,0.0004,0.009980757720768452,0.21993663907051086,0.10183209367096424,0.2,181,,,
512.0,10799,183,0.0,407.49188232421875,749568,69,124.07096,0.028815224766731262,0.2574158310890198,28.693553924560547,0.5,0.0004,0.009980658069252968,0.21349960565567017,0.10345872770994902,0.2,182,,,
512.0,10859,184,0.0,407.8739013671875,753664,69,247.90034,0.023007512092590332,-1.9404222965240479,28.693659782409668,0.5,0.0004,0.009980526752769947,0.1950291246175766,0.09201359190046787,0.2,183,,,
512.0,10918,185,0.0,408.8699645996094,757760,69,428.883,0.03452771808952093,-1.953942060470581,28.693727493286133,0.5,0.0004,0.009980506263673306,0.2073206603527069,0.09351621475070715,0.2,184,,,
512.0,10978,186,0.0,408.0533142089844,761856,69,260.445,0.023513639345765114,-1.7610118389129639,28.6937255859375,0.5,0.0004,0.009980528615415096,0.18380248546600342,0.08395916782319546,0.2,185,,,
512.0,11037,187,0.0,407.37078857421875,765952,69,196.79971,0.030643511563539505,-2.2298054695129395,28.693720817565918,0.5,0.0004,0.009980518370866776,0.20312516391277313,0.08973456802777946,0.2,186,,,
512.0,11096,188,0.0,408.03863525390625,770048,69,67.18466,0.03263354115188122,-4.236016273498535,28.693732261657715,0.5,0.0004,0.009980504401028156,0.1626976579427719,0.06794636324048042,0.2,187,,,
512.0,11155,189,0.0,407.3297119140625,774144,69,123.49568,0.03301056148484349,-4.414823532104492,28.693766593933105,0.5,0.0004,0.009980442002415657,0.19103816151618958,0.08265759330242872,0.2,188,,,
512.0,11214,190,0.0,407.03143310546875,778240,69,75.83004,0.04071425646543503,-6.47308349609375,28.693808555603027,0.5,0.0004,0.00998041033744812,0.16794109344482422,0.06924023851752281,0.2,189,,,
512.0,11273,191,0.0,406.7035827636719,782336,69,128.65439,0.04955085925757885,-5.890946865081787,28.693835258483887,0.5,0.0004,0.009980385191738605,0.18546389043331146,0.07744423393160105,0.2,190,,,
512.0,11332,192,0.0,405.4571533203125,786432,69,204.55591,0.03709765709936619,-6.7000412940979,28.693861961364746,0.5,0.0004,0.009980352595448494,0.1690007746219635,0.07156190276145935,0.2,191,,,
512.0,11392,193,0.0,403.75140380859375,790528,69,155.86882,0.03230148646980524,-2.6897826194763184,28.6939115524292,0.5,0.0004,0.009980274364352226,0.17283087968826294,0.0770452618598938,0.2,192,,,
512.0,11450,194,0.0,403.84539794921875,794624,69,67.409096,0.03227773308753967,-2.240293502807617,28.6939697265625,0.5,0.0004,0.009980225004255772,0.1891290545463562,0.08513219282031059,0.2,193,,,
512.0,11510,195,0.0,403.11761474609375,798720,69,38.156677,0.03975136950612068,-2.4412600994110107,28.69402503967285,0.5,0.0004,0.009980155155062675,0.16678914427757263,0.07427084632217884,0.2,194,,,
512.0,11569,196,0.0,404.3331604003906,802816,69,44.6159,0.039302458986639977,-18.344655990600586,28.694090843200684,0.5,0.0004,0.009980080649256706,0.12260220944881439,0.050439462065696716,0.2,195,,,
512.0,11628,197,0.0,403.3883972167969,806912,69,28.172224,0.04525036737322807,-12.961983680725098,28.694204330444336,0.5,0.0004,0.009979905560612679,0.13799074292182922,0.056874336674809456,0.2,196,,,
512.0,11688,198,0.0,402.8185119628906,811008,69,14.403215,0.03800237737596035,-16.140302658081055,28.694358825683594,0.5,0.0004,0.009979741647839546,0.1349552422761917,0.05863874778151512,0.2,197,,,
512.0,11747,199,0.0,403.4195251464844,815104,69,11.8001,0.03288334794342518,-10.676002502441406,28.694534301757812,0.5,0.0004,0.009979518130421638,0.11957113444805145,0.05090407654643059,0.2,198,,,
512.0,11806,200,0.0,403.6977233886719,819200,69,16.29634,0.02668248675763607,-13.474103927612305,28.694743156433105,0.5,0.0004,0.009979275986552238,0.1732865869998932,0.08073463849723339,0.2,199,,,
512.0,11866,201,0.0,404.23602294921875,823296,69,27.815115,0.04319003503769636,-7.996677398681641,28.694921493530273,0.5,0.0004,0.009979123249650002,0.15873464941978455,0.06184697709977627,0.2,200,,,
512.0,11925,202,0.0,404.9916687011719,827392,69,36.951065,0.029410800896584988,-10.940244674682617,28.6950740814209,0.5,0.0004,0.009978937916457653,0.1271616816520691,0.05727596394717693,0.2,201,,,
512.0,11984,203,0.0,405.6731262207031,831488,69,30.81012,0.010950414463877678,-2.280956268310547,28.695280075073242,0.5,0.0004,0.009978664107620716,0.22373802959918976,0.11078252084553242,0.2,202,,,
512.0,12043,204,0.0,407.3241882324219,835584,69,34.711903,0.012717128731310368,-4.682094097137451,28.695545196533203,0.5,0.0004,0.00997835397720337,0.19155950844287872,0.0916220061480999,0.2,203,,,
512.0,12102,205,0.0,407.6145324707031,839680,69,47.500813,0.016740302555263042,-3.835010528564453,28.695828437805176,0.5,0.0004,0.009978036396205425,0.14571316540241241,0.0695913196541369,0.2,204,,,
512.0,12161,206,0.0,408.49200439453125,843776,69,33.81774,0.02014841022901237,-2.218149185180664,28.696097373962402,0.5,0.0004,0.009977756068110466,0.19876958429813385,0.09853806486353278,0.2,205,,,
512.0,12220,207,0.0,409.71221923828125,847872,69,76.32197,0.017894658260047436,-1.2081458568572998,28.69636344909668,0.5,0.0004,0.009977446869015694,0.1978093385696411,0.0938507099635899,0.2,206,,,
512.0,12279,208,0.0,410.0030517578125,851968,69,286.3019,0.008139930432662368,-1.1685197353363037,28.696638107299805,0.5,0.0004,0.009977146983146667,0.18157145380973816,0.0886470703408122,0.2,207,,,
512.0,12338,209,0.0,409.68817138671875,856064,69,193.85194,0.019748564809560776,-0.4836893081665039,28.6968355178833,0.5,0.0004,0.009977010078728199,0.20059075951576233,0.09438863955438137,0.2,208,,,
512.0,12398,210,0.0,408.5386657714844,860160,69,59.582787,0.015052231959998608,-0.1451413631439209,28.696971893310547,0.5,0.0004,0.009976841509342194,0.23490840196609497,0.11374068818986416,0.2,209,,,
512.0,12456,211,0.0,408.9106140136719,864256,69,53.79717,0.024595001712441444,0.033883631229400635,28.697148323059082,0.5,0.0004,0.009976613335311413,0.19599607586860657,0.0924531277269125,0.2,210,,,
512.0,12515,212,0.0,409.4133605957031,868352,69,14.831718,0.023004598915576935,0.20998871326446533,28.69735622406006,0.5,0.0004,0.00997637677937746,0.26550397276878357,0.12876209430396557,0.2,211,,,
512.0,12574,213,0.0,409.7601623535156,872448,69,4.7322707,0.021517514251172543,0.3311464786529541,28.697571754455566,0.49609375,0.0004,0.009976130910217762,0.21349360048770905,0.1015340075828135,0.2,212,,,
512.0,12633,214,0.0,409.23370361328125,876544,69,7.321511,0.025976093485951424,0.440388560295105,28.69778823852539,0.498046875,0.0004,0.00997589249163866,0.19466948509216309,0.08919810503721237,0.2,213,,,
512.0,12693,215,0.0,410.1175842285156,880640,69,21.285353,0.020931508392095566,0.5943728983402252,28.697976112365723,0.5,0.0004,0.009975709021091461,0.23883169889450073,0.11390533111989498,0.2,214,,,
512.0,12752,216,0.0,409.6325378417969,884736,69,32.195152,0.014211855828762054,0.7119924426078796,28.698115348815918,0.5,0.0004,0.00997557770460844,0.2522677183151245,0.121498953551054,0.2,215,,,
512.0,12811,217,0.0,408.9559020996094,888832,69,46.329937,0.009659845381975174,0.725134015083313,28.69816780090332,0.5,0.0004,0.009975587017834187,0.31554415822029114,0.15518740564584732,0.2,216,,,
512.0,12872,218,0.0,410.21636962890625,892928,69,21.423733,0.019775936380028725,0.8203475177288055,28.69813823699951,0.5,0.0004,0.009975637309253216,0.20020955801010132,0.0945064015686512,0.2,217,,,
512.0,12933,219,0.0,410.2318115234375,897024,69,29.003757,0.008637030841782689,-0.7548251152038574,28.698113441467285,0.5,0.0004,0.009975635446608067,0.18345604836940765,0.08869405835866928,0.2,218,,,
512.0,12995,220,0.0,409.37615966796875,901120,69,26.160889,0.014129975344985723,-1.311300277709961,28.698166847229004,0.5,0.0004,0.009975511580705643,0.1334386169910431,0.06386618316173553,0.2,219,,,
512.0,13055,221,0.0,410.8384704589844,905216,69,30.133432,0.013104833429679275,-3.15047550201416,28.69827938079834,0.5,0.0004,0.009975378401577473,0.31885701417922974,0.15822158381342888,0.2,220,,,
512.0,13114,222,0.0,412.010498046875,909312,69,39.49488,0.017698086332529783,-1.7405099868774414,28.698461532592773,0.5,0.0004,0.009975099004805088,0.1427839994430542,0.06876587588340044,0.2,221,,,
512.0,13174,223,0.0,413.2360534667969,913408,69,39.436924,0.018405703827738762,-1.4658374786376953,28.698665618896484,0.5,0.0004,0.009974922053515911,0.17832039296627045,0.08653056249022484,0.2,222,,,
512.0,13232,224,0.0,414.4457092285156,917504,69,79.70178,0.011573805590160191,-1.9329860210418701,28.69885540008545,0.5,0.0004,0.009974675253033638,0.34160125255584717,0.16990742180496454,0.2,223,,,
512.0,13290,225,0.0,415.18975830078125,921600,69,81.46178,0.03139875642955303,-1.3143188953399658,28.69907855987549,0.5,0.0004,0.009974421933293343,0.29434043169021606,0.1436831671744585,0.2,224,,,
512.0,13348,226,0.0,415.3807678222656,925696,69,57.89028,0.037936534732580185,-3.3718490600585938,28.699338912963867,0.5,0.0004,0.009974092245101929,0.14791205525398254,0.06512058153748512,0.2,225,,,
512.0,13407,227,0.0,415.61370849609375,929792,69,59.5941,0.022260771598666906,-7.540876388549805,28.699621200561523,0.5,0.0004,0.009973793290555477,0.23997454345226288,0.11761140637099743,0.2,226,,,
512.0,13465,228,0.0,415.6993103027344,933888,69,36.468826,0.019909820053726435,-6.026499271392822,28.699899673461914,0.5,0.0004,0.009973474778234959,0.20557907223701477,0.10203262977302074,0.2,227,,,
512.0,13523,229,0.0,415.052001953125,937984,69,24.055763,0.02155507868155837,-5.1890549659729,28.700214385986328,0.5,0.0004,0.009973091073334217,0.11856681108474731,0.05695746839046478,0.2,228,,,
512.0,13581,230,0.0,416.9327087402344,942080,69,57.194572,0.011321793543174863,-11.883890151977539,28.700568199157715,0.5,0.0004,0.00997268594801426,0.21759021282196045,0.10824692063033581,0.2,229,,,
512.0,13640,231,0.0,416.5522155761719,946176,69,56.482353,0.009490013122558594,-4.278940677642822,28.70090389251709,0.5,0.0004,0.009972344152629375,0.17794571816921234,0.08800538443028927,0.2,230,,,
512.0,13699,232,0.0,417.046142578125,950272,69,41.567352,0.015675674891099334,-13.078582763671875,28.701181411743164,0.5,0.0004,0.009972070343792439,0.27030888199806213,0.13425346370786428,0.2,231,,,
512.0,13757,233,0.0,418.5899658203125,954368,69,75.35516,0.007296753581613302,-6.6437153816223145,28.701387405395508,0.5,0.0004,0.009971888735890388,0.23614148795604706,0.11711061466485262,0.2,232,,,
512.0,13815,234,0.0,419.8672180175781,958464,69,189.73268,0.00921781046781689,-18.449844360351562,28.70159912109375,0.5,0.0004,0.009971600957214832,0.125287264585495,0.058472014497965574,0.2,233,,,
512.0,13874,235,0.0,419.41229248046875,962560,69,168.7803,0.007596255280077457,-2.948458194732666,28.70186996459961,0.5,0.0004,0.009971287101507187,0.13074693083763123,0.06243118364363909,0.2,234,,,
512.0,13932,236,0.0,419.14825439453125,966656,69,81.86041,0.005856740055605769,-0.9680163860321045,28.70223331451416,0.5,0.0004,0.00997079536318779,0.26725202798843384,0.1321623120456934,0.2,235,,,
512.0,13990,237,0.0,418.9068603515625,970752,69,54.921154,0.00821352400816977,-1.8553590774536133,28.702598571777344,0.5,0.0004,0.009970477782189846,0.1743031144142151,0.08479065354913473,0.2,236,,,
512.0,14049,238,0.0,419.4579772949219,974848,69,44.484196,0.00624904059804976,-6.545355319976807,28.70283794403076,0.5,0.0004,0.009970265440642834,0.11039602011442184,0.0529056042432785,0.2,237,,,
512.0,14108,239,0.0,419.1734313964844,978944,69,47.23252,0.0055634030140936375,-5.03147554397583,28.703046798706055,0.5,0.0004,0.009970014914870262,0.27978846430778503,0.13817522395402193,0.2,238,,,
512.0,14166,240,0.0,418.8836364746094,983040,69,28.203484,0.00537261925637722,-1.1350696086883545,28.703248977661133,0.5,0.0004,0.009969816543161869,0.2458362728357315,0.12107979319989681,0.2,239,,,
512.0,14225,241,0.0,418.3509521484375,987136,69,61.118404,0.006049331743270159,-2.328627586364746,28.703420639038086,0.5,0.0004,0.009969634003937244,0.2765686810016632,0.13656587339937687,0.2,240,,,
512.0,14284,242,0.0,418.67718505859375,991232,69,57.72757,0.006122698890976608,-2.4175608158111572,28.703580856323242,0.5,0.0004,0.009969462640583515,0.21737897396087646,0.10635514371097088,0.2,241,,,
512.0,14343,243,0.0,417.4242248535156,995328,69,65.15106,0.009602140868082643,-0.9676995277404785,28.70372200012207,0.5,0.0004,0.009969322010874748,0.2088956981897354,0.10159709304571152,0.2,242,,,
512.0,14402,244,0.0,416.776611328125,999424,69,51.21177,0.009429020341485739,-1.747046947479248,28.703795433044434,0.5,0.0004,0.009969298727810383,0.27433592081069946,0.13513930793851614,0.2,243,,,
,,,,,1000000,,56.30564,0.00809264020062983,-2.595463752746582,28.703831672668457,0.5,0.0004,0.009969244711101055,0.26243317127227783,0.1297263242304325,0.2,244,0.0,512.0,411.687255859375
512.0,14601,245,0.0,415.3291320800781,1003520,68,,,,,,,,,,,,,,
