#{"t_start": 1731414058.0672998, "env_id": "None"}
r,l,t40420.46796,512,7116.621561
434.85822,512,7116.622561
407.41714,512,7130.302903
387.53018,512,7130.302966
418.87463,512,7143.946292
371.616,512,7143.946354
434.48038,512,7157.670261
412.9,512,7157.670323
412.51123,512,7171.492605
384.1444,512,7171.492668
424.13336,512,7185.314013
436.15903,512,7185.314069
407.8358,512,7199.064175
384.23553,512,7199.064238
431.51944,512,7212.866203
387.22934,512,7212.866264
386.7331,512,7226.802881
420.93024,512,7226.802945
425.34674,512,7240.529461
384.66656,512,7240.529526
410.52255,512,14424.911607
407.35776,512,14424.939364
388.52365,512,14439.036862
412.13788,512,14439.036926
432.75052,512,14453.15454
412.3779,512,14453.154644
407.956,512,14467.156445
413.61594,512,14467.156536
426.03543,512,14481.083828
439.5188,512,14481.083891
383.26532,512,14495.271414
419.96936,512,14495.27153
409.593,512,14509.477341
388.28317,512,14509.477397
426.7966,512,14523.49197
426.65192,512,14523.492025
414.83038,512,14537.410632
418.71356,512,14537.410692
385.27225,512,14551.483789
409.57355,512,14551.483851
5058
349.32516,512,336.805122
348.16934,512,351.328908
349.52524,512,351.328972
361.5927,512,366.031363
363.0677,512,366.031434
348.7045,512,380.590256
345.84186,512,380.59032
354.62128,512,394.975799
336.26028,512,394.975864
342.61908,512,409.575418
342.16357,512,409.575541
347.65054,512,424.110973
342.7543,512,424.111104
364.04938,512,438.744348
347.56924,512,438.744413
358.12216,512,453.363481
361.50076,512,453.363612
363.96213,512,468.020703
366.71777,512,468.020771
347.62567,512,482.618491
364.40134,512,482.618559
358.64264,512,497.193655
367.63983,512,497.193722
353.60544,512,511.691518
345.59396,512,511.691647
365.92703,512,526.207594
357.55148,512,526.207659
366.53384,512,540.746474
364.82535,512,540.746563
371.63956,512,555.17419
371.87448,512,555.174257
372.1765,512,569.897699
371.61523,512,569.897764
369.59497,512,584.515625
347.4926,512,584.515692
345.01443,512,599.076348
346.7502,512,599.076414
374.97714,512,613.717219
354.40793,512,613.717285
352.6532,512,628.328506
377.12903,512,628.328597
349.04257,512,642.886978
367.05383,512,642.887044
373.54684,512,657.370931
371.0847,512,657.370994
377.68695,512,671.979996
376.62885,512,671.98008
348.48926,512,686.448286
365.64532,512,686.448352
376.24567,512,701.092193
364.92477,512,701.092258
370.62015,512,715.64586
365.85672,512,715.645929
375.34473,512,730.352164
362.4644,512,730.352229
364.62857,512,744.907303
363.34387,512,744.907367
366.3065,512,759.523241
364.75876,512,759.523305
374.64713,512,774.042882
377.64545,512,774.042947
369.07327,512,788.685257
367.80734,512,788.685321
358.38013,512,803.105419
369.61636,512,803.105517
368.89548,512,817.459909
359.68137,512,817.459976
368.91464,512,831.869674
368.5955,512,831.869738
362.73215,512,846.471075
363.1815,512,846.471135
379.56168,512,861.200775
387.03723,512,861.200836
361.32867,512,875.885021
362.6028,512,875.885087
361.38602,512,890.372173
378.46588,512,890.372259
384.69534,512,905.013953
390.16638,512,905.014023
358.14194,512,919.456298
381.15503,512,919.461292
381.70456,512,933.985125
357.83163,512,933.990142
359.90848,512,948.696964
386.3818,512,948.697047
366.58783,512,963.314136
395.41583,512,963.314193
364.0413,512,977.870343
352.38104,512,977.870411
389.27655,512,992.304161
371.49036,512,992.304229
371.0704,512,1006.792287
368.49057,512,1006.792354
395.0424,512,1021.49666
370.2854,512,1021.496725
371.15787,512,1036.015011
367.94022,512,1036.015076
394.2613,512,1050.324218
369.00793,512,1050.324285
378.14114,512,1064.746465
347.50864,512,1064.746525
354.7195,512,1079.36252
386.39078,512,1079.362616
372.72546,512,1093.812651
382.9137,512,1093.812779
352.62552,512,1108.299748
349.68637,512,1108.299814
384.02927,512,1122.847446
367.91003,512,1122.847571
377.47977,512,1137.475949
387.38763,512,1137.476012
347.69968,512,1151.982598
390.75977,512,1151.982664
348.34494,512,1166.569937
346.39944,512,1166.57002
390.76315,512,1181.190276
378.57538,512,1181.190336
392.54675,512,1195.780892
372.00708,512,1195.780972
355.08344,512,1210.465434
370.5366,512,1210.465524
348.81992,512,1224.968846
389.60287,512,1224.968911
392.72723,512,1239.572355
370.3092,512,1239.572422
401.29803,512,1254.017349
376.9226,512,1254.017416
404.8879,512,1268.555912
404.54675,512,1268.560937
396.89984,512,1283.283422
345.65805,512,1283.283553
347.5906,512,1297.756671
348.73145,512,1297.756737
408.9252,512,1312.535719
390.25992,512,1312.535786
371.0407,512,1327.155752
399.46558,512,1327.155871
398.96045,512,1341.768409
369.8081,512,1341.768476
397.07565,512,1356.328488
383.89413,512,1356.328563
381.61948,512,1370.938069
395.7156,512,1370.938201
342.2122,512,1385.428005
364.34317,512,1385.428072
364.57333,512,1399.963511
404.9673,512,1399.963576
342.55093,512,1414.530388
407.35083,512,1414.530456
343.95325,512,1429.122426
364.41754,512,1429.122504
343.68542,512,1443.682727
343.14658,512,1443.682796
366.7732,512,1458.34179
359.902,512,1458.341853
343.36322,512,1472.728615
354.1112,512,1472.728681
344.47186,512,1487.073216
374.44995,512,1487.078228
379.7333,512,1501.546527
345.0739,512,1501.546654
374.56396,512,1516.15058
371.4438,512,1516.150644
372.36115,512,1530.680479
370.42178,512,1530.680567
367.46637,512,1545.205911
372.77194,512,1545.206004
374.85593,512,1559.97505
342.40396,512,1559.975113
391.3657,512,1574.695231
373.91638,512,1574.695352
386.9977,512,1589.388429
372.59607,512,1589.388494
380.96973,512,1603.965956
341.79803,512,1603.966022
342.38663,512,1618.425394
396.4496,512,1618.425457
398.87344,512,1632.977752
397.79025,512,1632.977878
375.9858,512,1647.486015
371.19296,512,1647.48608
390.8981,512,1662.114629
371.49026,512,1662.114705
396.47336,512,1676.546822
373.35004,512,1676.546888
390.68747,512,1691.253775
395.90543,512,1691.253858
344.87045,512,1705.90705
378.97104,512,1705.907174
379.9392,512,1720.588346
384.1811,512,1720.588471
344.9147,512,1735.152344
395.60214,512,1735.152411
372.8888,512,1749.883226
381.32565,512,1749.883294
388.70435,512,1764.533442
369.1582,512,1764.533509
378.66946,512,1778.985147
388.46368,512,1778.985213
371.59882,512,1793.680744
390.98404,512,1793.680813
373.82343,512,1808.200623
373.4792,512,1808.200685
385.97003,512,1822.834369
344.94598,512,1822.834433
385.5523,512,1837.426295
344.41498,512,1837.426359
390.9039,512,1852.026296
377.70255,512,1852.026361
369.50735,512,1866.525819
366.97275,512,1866.525885
343.98273,512,1881.089026
386.54816,512,1881.089204
362.59982,512,1895.620658
364.31406,512,1895.620717
343.33423,512,1910.273956
373.1542,512,1910.274022
376.14536,512,1924.815734
365.01672,512,1924.815801
372.39078,512,1939.445853
370.18906,512,1939.445919
365.80884,512,1954.033761
392.051,512,1954.03382
366.2042,512,1968.623342
344.11887,512,1968.623406
364.5762,512,1983.226787
371.4383,512,1983.226852
344.29465,512,1997.872289
368.7602,512,1997.872355
387.34662,512,2012.55738
361.62234,512,2012.557447
366.96027,512,2027.164536
380.93726,512,2027.164612
376.13077,512,2041.788406
393.16528,512,2041.788472
345.31952,512,2056.452053
376.56046,512,2056.452117
398.44156,512,2071.072239
347.3378,512,2071.072306
398.08694,512,2085.771509
394.09995,512,2085.771608
346.55447,512,2100.257467
346.29086,512,2100.257533
388.6011,512,2114.711039
346.82693,512,2114.711105
371.80182,512,2129.185608
370.62692,512,2129.185677
348.4339,512,2143.83713
364.5803,512,2143.837197
348.08774,512,2158.273416
374.76834,512,2158.278653
343.86435,512,2172.900429
357.82108,512,2172.900493
345.03995,512,2187.672024
344.72412,512,2187.67209
374.3552,512,2202.216782
357.92487,512,2202.216901
361.81274,512,2216.860016
357.99835,512,2216.860126
363.49457,512,2231.386707
358.34286,512,2231.38677
347.863,512,2246.066076
354.2792,512,2246.066144
363.63266,512,2260.709392
372.21313,512,2260.709509
373.0525,512,2275.086971
373.41205,512,2275.087039
372.07953,512,2289.7755
372.36847,512,2289.77558
357.24817,512,2304.293753
346.8748,512,2304.293823
360.81274,512,2318.878177
372.43738,512,2318.878244
373.4526,512,2333.275779
359.44888,512,2333.275845
359.41727,512,2347.889211
345.5265,512,2347.889276
345.76468,512,2362.343332
346.65814,512,2362.343399
345.539,512,2376.914917
347.49716,512,2376.914983
369.65518,512,2391.302382
349.39716,512,2391.302461
357.22852,512,2405.754038
348.39825,512,2405.75412
390.2383,512,2420.258465
350.90997,512,2420.258528
411.29803,512,2434.748329
415.5346,512,2434.748396
411.04138,512,2449.225828
415.5098,512,2449.225895
351.8574,512,2463.594951
394.89694,512,2463.595069
349.09735,512,2478.101228
360.73767,512,2478.101318
350.2756,512,2492.575208
351.8388,512,2492.575274
345.05786,512,2506.935872
349.43884,512,2506.93594
363.7176,512,2521.367696
413.2401,512,2521.367763
396.46475,512,2536.037567
372.3278,512,2536.042758
395.8036,512,2550.552024
394.8241,512,2550.552088
374.37228,512,2564.992307
404.66385,512,2564.992372
347.966,512,2579.384615
388.09464,512,2579.384711
370.68546,512,2593.812696
365.5321,512,2593.812762
375.18323,512,2608.143727
375.1451,512,2608.143791
389.39813,512,2622.635581
396.38498,512,2622.635647
350.66205,512,2636.993316
385.6922,512,2636.993386
385.92053,512,2651.603111
362.37784,512,2651.603177
409.9762,512,2666.250864
388.7734,512,2666.250928
349.1113,512,2680.758897
350.58298,512,2680.758964
348.8898,512,2695.362769
401.94385,512,2695.362836
351.749,512,2709.769903
351.64597,512,2709.774967
409.26434,512,2724.34374
412.97256,512,2724.343805
366.50784,512,2738.926117
353.31683,512,2738.926189
410.38898,512,2753.621918
412.33615,512,2753.622042
403.16302,512,2768.140873
352.66864,512,2768.140939
411.17496,512,2782.791467
367.44052,512,2782.791531
397.63126,512,2797.478196
352.3699,512,2797.478259
408.02744,512,2812.091042
411.70648,512,2812.091107
354.97363,512,2826.856703
367.4353,512,2826.85677
397.41486,512,2841.415724
409.32227,512,2841.415787
409.83606,512,2856.001237
405.65164,512,2856.001309
411.812,512,2870.676699
366.51266,512,2870.676766
411.1847,512,2885.201272
412.42358,512,2885.201338
354.5342,512,2899.849602
410.00226,512,2899.849729
370.48306,512,2914.582173
353.9436,512,2914.582233
354.93503,512,2929.127645
354.65585,512,2929.127708
394.1332,512,2943.876276
376.96097,512,2943.876343
387.2113,512,2958.449368
410.47046,512,2958.449432
372.32254,512,2973.037876
403.4819,512,2973.037938
371.63187,512,2987.597568
354.58005,512,2987.597631
357.0016,512,3002.305385
412.56772,512,3002.305451
357.19122,512,3016.817791
373.59943,512,3016.817913
356.03458,512,3031.351437
374.27557,512,3031.351499
370.1038,512,3045.895065
356.99173,512,3045.895129
388.44672,512,3060.471685
408.23572,512,3060.471765
407.93225,512,3075.083594
379.28275,512,3075.083659
373.55435,512,3089.759201
357.81955,512,3089.759267
404.3507,512,3104.255459
402.43124,512,3104.255525
393.73547,512,3118.756218
407.42847,512,3118.756282
409.77725,512,3133.124619
379.486,512,3133.124676
405.13626,512,3147.756475
358.34747,512,3147.756539
412.21347,512,3162.202075
399.37158,512,3162.202133
404.5293,512,3176.900838
379.42822,512,3176.90096
382.32474,512,3191.47838
404.26874,512,3191.478446
405.36163,512,3205.784284
377.1162,512,3205.784344
385.26004,512,3220.323191
358.40497,512,3220.323256
380.93246,512,3234.951339
360.75018,512,3234.951463
386.1322,512,3249.595932
404.20892,512,3249.595995
409.63132,512,3264.208069
384.85318,512,3264.208136
409.12228,512,3278.693278
382.1097,512,3278.693342
389.0794,512,3293.260821
363.2183,512,3293.260982
405.98428,512,3307.829402
412.18625,512,3307.829499
399.2894,512,3322.414757
405.23578,512,3322.414821
403.33002,512,3337.077278
394.48206,512,3337.077345
408.7977,512,3351.670937
386.79034,512,3351.671003
403.4641,512,3366.173952
398.25977,512,3366.174011
382.97906,512,3380.853466
405.8855,512,3380.853529
403.45535,512,3395.564361
408.90613,512,3395.564488
353.78247,512,3410.06824
356.53354,512,3410.068311
399.33398,512,3424.768557
392.08493,512,3424.76864
398.41135,512,3439.342792
376.60718,512,3439.342919
367.76672,512,3453.998477
394.29202,512,3453.998544
359.3758,512,3468.740695
356.1199,512,3468.740762
350.88248,512,3483.489787
350.35757,512,3483.489852
351.59525,512,3498.273192
337.01282,512,3498.273258
359.34302,512,3512.928363
351.0278,512,3512.92843
362.3518,512,3527.534072
351.49588,512,3527.534251
351.20062,512,3542.192962
351.5956,512,3542.193028
357.75162,512,3556.80516
335.9628,512,3556.805225
351.7663,512,3571.524173
336.89966,512,3571.524249
366.82236,512,3586.2294
360.49863,512,3586.229466
359.13345,512,3600.872438
352.03354,512,3600.872503
352.60385,512,3615.599101
335.72995,512,3615.599165
336.71683,512,3630.210994
360.83414,512,3630.211057
335.7775,512,3645.006001
354.4175,512,3645.006066
354.16205,512,3659.735815
361.1992,512,3659.73588
335.28793,512,3674.370066
349.4962,512,3674.370223
354.25662,512,3689.014506
335.3756,512,3689.014609
361.74014,512,3703.645389
334.34976,512,3703.645476
355.00488,512,3718.269766
347.86548,512,3718.269829
355.00427,512,3732.867333
355.96844,512,3732.867408
355.6975,512,3747.606537
363.97763,512,3747.606599
360.26266,512,3762.269561
355.45422,512,3762.269627
361.25244,512,3777.108766
355.80853,512,3777.108891
353.07806,512,3791.728526
354.83554,512,3791.728612
355.4859,512,3806.389677
355.97208,512,3806.389741
334.50345,512,3821.094005
334.65875,512,3821.094071
356.64816,512,3835.729947
357.40808,512,3835.730064
352.62137,512,3850.359638
352.40045,512,3850.359697
334.75546,512,3865.099736
361.8335,512,3865.099801
353.2088,512,3879.770287
354.78268,512,3879.770355
356.63113,512,3894.432467
357.41394,512,3894.432534
361.76364,512,3909.025953
351.26138,512,3909.026021
363.3806,512,3923.742092
359.95465,512,3923.742213
362.09335,512,3938.443453
334.6236,512,3938.443517
363.2099,512,3953.026772
351.25977,512,3953.026835
350.39072,512,3967.640452
352.1759,512,3967.640516
352.51666,512,3982.326845
354.2245,512,3982.32691
334.5383,512,3997.034994
364.29877,512,3997.035057
334.4182,512,4011.509931
351.6236,512,4011.51
350.2173,512,4026.142888
360.90103,512,4026.142953
348.07053,512,4040.772163
357.00146,512,4040.772234
336.70596,512,4055.358934
364.44437,512,4055.359
350.50275,512,4069.861952
336.32382,512,4069.862087
349.8418,512,4084.497439
365.58734,512,4084.497506
363.26132,512,4099.097115
350.5649,512,4099.097182
350.28452,512,4113.79042
351.13553,512,4113.790486
337.6475,512,4128.338948
349.5474,512,4128.339009
351.30817,512,4142.961603
337.84616,512,4142.961693
337.36642,512,4157.602376
338.63474,512,4157.602443
363.9101,512,4172.204684
352.10715,512,4172.204752
352.10904,512,4186.845108
351.97906,512,4186.84517
353.163,512,4201.456347
362.62802,512,4201.456418
340.00662,512,4216.118611
361.12723,512,4216.118756
363.91034,512,4230.700504
357.81665,512,4230.700607
367.85773,512,4245.167877
367.1467,512,4245.167943
367.98047,512,4259.825195
368.8196,512,4259.825259
358.96176,512,4274.510279
366.8215,512,4274.510345
405.36386,512,4289.136687
376.2564,512,4289.136784
383.598,512,4303.604674
412.2995,512,4303.604738
397.40717,512,4318.054438
387.04883,512,4318.054566
358.95132,512,4332.638656
378.71735,512,4332.638719
376.9751,512,4347.187809
383.10782,512,4347.187876
394.1763,512,4361.830331
396.32486,512,4361.8304
383.79575,512,4376.302448
405.09985,512,4376.302514
408.12076,512,4390.893667
387.1792,512,4390.893733
377.223,512,4405.422765
391.46762,512,4405.422832
388.37897,512,4419.925857
402.18878,512,4419.925922
378.47858,512,4434.471066
382.22055,512,4434.471132
386.06186,512,4449.003746
401.94937,512,4449.003812
379.42816,512,4463.410153
385.87866,512,4463.41022
386.15894,512,4477.945772
377.8988,512,4477.945833
377.33658,512,4492.454566
387.5768,512,4492.454632
379.80472,512,4506.974122
397.68604,512,4506.974246
379.8119,512,4521.62185
389.72742,512,4521.622005
379.30313,512,4536.246079
377.49237,512,4536.246159
379.4868,512,4550.929147
377.43054,512,4550.929213
394.14392,512,4565.409741
386.15463,512,4565.40985
380.70245,512,4579.94675
384.42593,512,4579.946818
383.32828,512,4594.598492
396.80417,512,4594.598558
382.16962,512,4609.155745
383.22903,512,4609.155812
389.49542,512,4623.731007
389.88773,512,4623.731075
391.50482,512,4638.368356
385.5131,512,4638.368416
376.85965,512,4652.950432
381.8146,512,4652.950508
387.58157,512,4667.411868
397.12033,512,4667.411935
392.09637,512,4682.148025
383.61093,512,4682.14809
381.05484,512,4696.690479
380.8988,512,4696.69054
403.88815,512,4711.272988
387.1311,512,4711.273055
374.6733,512,4725.850722
374.9987,512,4725.850791
378.1452,512,4740.512929
390.06772,512,4740.513001
376.69855,512,4755.038965
377.96432,512,4755.039097
387.98224,512,4769.696272
380.82663,512,4769.696369
382.47244,512,4784.267665
385.15536,512,4784.267725
378.16956,512,4798.754779
391.86258,512,4798.754845
382.78482,512,4813.251739
387.46347,512,4813.251816
386.61118,512,4827.708899
364.4682,512,4827.708965
376.20117,512,4842.211857
373.3512,512,4842.211924
391.55905,512,4856.632389
375.54062,512,4856.632463
389.9825,512,4871.271479
390.5072,512,4871.271545
385.45355,512,4885.805449
391.67075,512,4885.805516
378.86267,512,4900.434288
399.87354,512,4900.434413
380.1918,512,4914.92194
394.46417,512,4914.922006
401.1507,512,4929.415158
382.91278,512,4929.415224
385.86896,512,4943.98341
383.26895,512,4943.98354
384.15326,512,4958.633493
378.54642,512,4958.633568
390.65338,512,4973.309072
382.0281,512,4973.309138
390.8274,512,4987.964175
384.35654,512,4987.964243
383.05408,512,5002.33165
379.11667,512,5002.331822
392.4755,512,5016.960366
378.94263,512,5016.960433
385.99094,512,5031.386961
396.89197,512,5031.387025
379.42816,512,5045.970971
374.479,512,5045.971116
386.0979,512,5060.342864
395.47,512,5060.342936
379.91736,512,5074.65087
378.37085,512,5074.650999
382.2449,512,5089.126714
375.38635,512,5089.12678
375.12134,512,5103.446674
384.2416,512,5103.446735
376.52567,512,5117.722074
374.42743,512,5117.722133
390.6791,512,5132.04964
369.6633,512,5132.049706
374.6184,512,5146.283237
391.8723,512,5146.283303
383.8694,512,5160.411022
395.93805,512,5160.411089
395.50223,512,5174.75913
381.36548,512,5174.759196
391.2439,512,5189.126985
377.08212,512,5189.1271
373.73016,512,5203.47868
367.4366,512,5203.478747
399.81757,512,5218.050244
373.66437,512,5218.050319
375.88324,512,5232.410017
376.4318,512,5232.410075
370.68744,512,5246.734426
398.6065,512,5246.73451
372.05795,512,5260.993479
385.55804,512,5260.993559
387.66382,512,5275.506618
393.25034,512,5275.506753
377.31894,512,5289.991992
390.39954,512,5289.992061
393.54575,512,5304.524499
365.52786,512,5304.524602
375.7846,512,5318.75994
395.73358,512,5318.760024
372.93726,512,5333.099201
372.58142,512,5333.099267
389.51248,512,5347.3164
373.10098,512,5347.316476
376.51556,512,5361.425797
370.2586,512,5361.425862
394.21976,512,5375.538949
398.7395,512,5375.539011
393.4695,512,5389.660525
370.00424,512,5389.660686
371.93137,512,5403.765027
399.9853,512,5403.765152
386.22266,512,5417.935712
399.46793,512,5417.935835
366.773,512,5432.09467
371.40002,512,5432.094737
367.5188,512,5446.331703
371.98236,512,5446.331772
402.36334,512,5460.276574
398.53842,512,5460.276637
365.7742,512,5474.554738
370.48773,512,5474.554801
384.76474,512,5488.858579
370.12473,512,5488.85864
372.27246,512,5503.205344
391.60303,512,5503.205407
399.71994,512,5517.272591
383.87375,512,5517.272657
375.25998,512,5531.529767
369.03247,512,5531.529836
394.0462,512,5545.746573
368.69684,512,5545.746639
367.40848,512,5559.945143
386.4343,512,5559.94521
393.48462,512,5574.176933
397.262,512,5574.176999
372.96902,512,5588.306731
387.07675,512,5588.306923
387.3783,512,5602.512763
369.1229,512,5602.512828
391.78897,512,5616.866152
397.82187,512,5616.866219
368.78226,512,5630.962253
376.44714,512,5630.962323
370.74023,512,5645.205492
395.99673,512,5645.205559
395.98157,512,5659.23217
396.99054,512,5659.232294
369.0941,512,5673.402774
399.01422,512,5673.402839
370.55865,512,5687.396384
369.10275,512,5687.396448
375.97534,512,5701.701237
404.7925,512,5701.701304
403.29413,512,5715.735935
368.2273,512,5715.735992
384.60547,512,5729.843904
405.70462,512,5729.843967
401.2708,512,5744.283475
370.61157,512,5744.283538
380.5707,512,5758.628878
382.8584,512,5758.628942
388.95837,512,5772.792215
399.7044,512,5772.792277
385.1607,512,5787.062454
378.72916,512,5787.062573
380.0598,512,5801.365113
385.1622,512,5801.365178
382.5483,512,5815.678588
382.9286,512,5815.678653
393.93143,512,5829.984963
382.8016,512,5829.985028
396.85294,512,5844.449848
394.62073,512,5844.449938
399.11255,512,5858.869936
395.6624,512,5858.870022
393.2231,512,5873.139246
395.53607,512,5873.139337
401.87967,512,5887.674975
394.1795,512,5887.675036
413.81668,512,5902.154154
433.8285,512,5902.154222
421.63174,512,5916.588499
399.16248,512,5916.588645
398.70633,512,5931.041244
398.32343,512,5931.041325
426.38428,512,5945.391748
413.5083,512,5945.391877
418.1905,512,5959.92043
416.6783,512,5959.920495
391.66904,512,5974.525298
426.13818,512,5974.525363
417.96884,512,5989.043853
407.27988,512,5989.043918
430.4864,512,6003.538241
404.60693,512,6003.538309
435.85394,512,6018.035103
401.62906,512,6018.03517
427.4672,512,6032.63822
392.7875,512,6032.638287
421.47736,512,6047.09818
409.7232,512,6047.098258
435.3886,512,6061.561643
423.743,512,6061.561707
386.1099,512,6076.023125
432.37408,512,6076.023188
408.3593,512,6090.4577
409.7539,512,6090.457847
424.83362,512,6104.914284
380.84436,512,6104.91435
412.1806,512,6119.269846
436.5499,512,6119.269916
406.9292,512,6133.696543
390.8429,512,6133.696692
407.99847,512,6148.161419
427.58826,512,6148.16155
381.5929,512,6162.493358
409.59222,512,6162.493424
408.0642,512,6176.910916
425.31284,512,6176.911003
413.13702,512,6191.480527
389.26553,512,6191.480612
411.78836,512,6205.963103
421.74545,512,6205.963169
408.08713,512,6220.631869
384.6683,512,6220.63199
422.3505,512,6235.189748
391.25446,512,6235.189814
431.58356,512,6249.699996
391.3843,512,6249.700063
391.51218,512,6264.403307
437.67535,512,6264.403372
395.62375,512,6279.08367
429.31448,512,6279.083736
415.81238,512,6293.68648
392.55798,512,6293.686545
384.3826,512,6308.280531
426.7515,512,6308.280704
427.74225,512,6322.861165
403.97284,512,6322.86123
389.77045,512,6337.463658
436.70734,512,6337.463725
412.97583,512,6352.082875
410.1691,512,6352.082942
412.15613,512,6366.82564
429.26266,512,6366.825706
391.16632,512,6381.392603
443.5203,512,6381.392784
432.11307,512,6396.240573
402.4312,512,6396.24064
434.81534,512,6410.967015
435.40045,512,6410.967083
401.04224,512,6425.775055
413.7369,512,6425.775125
430.5121,512,6440.466247
410.3779,512,6440.466314
390.08023,512,6455.140848
403.847,512,6455.140964
439.58142,512,6469.901135
387.61246,512,6469.901201
395.23102,512,6484.442718
422.9517,512,6484.442786
396.94446,512,6499.151106
396.83643,512,6499.151234
396.868,512,6513.682442
406.1268,512,6513.682508
403.32358,512,6528.222987
420.0145,512,6528.223053
382.0734,512,6542.869591
378.62695,512,6542.869656
376.95193,512,6557.492823
379.51172,512,6557.492995
391.88818,512,6571.970098
377.67227,512,6571.970164
389.72067,512,6586.612701
402.39572,512,6586.612767
402.46106,512,6601.276885
389.44073,512,6601.277033
415.43317,512,6615.763993
380.47083,512,6615.764058
379.28244,512,6630.2232
417.37207,512,6630.223266
381.276,512,6644.731351
381.19052,512,6644.731416
383.21912,512,6659.475551
415.51028,512,6659.475613
382.03036,512,6674.010813
410.47894,512,6674.010879
385.15076,512,6688.599798
409.3782,512,6688.599864
373.52463,512,6703.04246
382.44815,512,6703.042534
419.30243,512,6717.55858
401.98352,512,6717.558649
422.19986,512,6732.059327
403.04514,512,6732.05939
388.04596,512,6746.612223
395.74017,512,6746.612289
389.9144,512,6761.165874
423.5619,512,6761.16594
380.39484,512,6775.547514
408.36426,512,6775.547579
374.11496,512,6789.989719
406.65692,512,6789.989778
404.44763,512,6804.648136
397.04562,512,6804.648203
375.71304,512,6819.0212
406.9045,512,6819.021333
387.82343,512,6833.586203
386.16055,512,6833.586349
402.84283,512,6848.08214
401.04288,512,6848.082212
399.3567,512,6862.419332
400.2989,512,6862.419399
374.31473,512,6876.867543
402.9718,512,6876.86761
415.33588,512,6891.55252
393.4499,512,6891.552595
393.90906,512,6906.237243
399.03705,512,6906.237319
402.31232,512,6920.802242
426.04077,512,6920.802307
405.20822,512,6935.470361
390.30652,512,6935.470426
397.7709,512,6949.775709
395.86035,512,6949.775776
391.44315,512,6964.433233
401.4218,512,6964.433362
415.42468,512,6979.074862
395.21317,512,6979.074929
416.7535,512,6993.653475
406.04083,512,6993.653539
400.96777,512,7008.382607
394.06485,512,7008.382673
395.55386,512,7023.087116
388.8755,512,7023.087177
397.6694,512,7037.782593
418.82416,512,7037.782656
398.01505,512,7052.540182
399.42218,512,7052.540248
418.6797,512,7067.525711
420.08682,512,7067.525782
420.7848,512,7082.402038
388.06473,512,7082.402126
423.9765,512,7097.279396
417.89267,512,7097.279523
425.984,512,7112.15005
422.91354,512,7112.150111
435.42017,512,7265.496289
385.63693,512,7265.496728
411.93488,512,7279.817477
387.15216,512,7279.817539
421.52307,512,7294.227768
412.02875,512,7294.232874
415.4454,512,7308.604066
413.8143,512,7308.604134
417.73773,512,7323.62925
394.2857,512,7323.62932
434.74634,512,7338.266281
393.88422,512,7338.266349
421.26236,512,7353.014481
418.50278,512,7353.01455
408.1807,512,7367.78694
411.9817,512,7367.789728
414.12228,512,7382.290503
429.57544,512,7382.29057
426.79434,512,7396.888885
421.47717,512,7396.888949
415.1265,512,7411.403903
429.6957,512,7411.403966
430.25113,512,7425.998982
405.17706,512,7425.999047
423.14923,512,7440.699501
416.06177,512,7440.699569
427.37457,512,7455.299216
387.20935,512,7455.299282
428.72012,512,7470.005199
392.28296,512,7470.005267
437.21313,512,7484.600554
401.1429,512,7484.600647
436.86902,512,7499.471719
429.41068,512,7499.471784
443.02316,512,7514.291248
418.236,512,7514.291378
413.76486,512,7529.082315
436.69162,512,7529.082382
432.60202,512,7543.738357
419.318,512,7543.738422
435.06403,512,7558.229
424.11246,512,7558.229131
406.61664,512,7572.845193
399.0562,512,7572.845258
407.33853,512,7587.429369
407.58963,512,7587.429431
426.95755,512,7602.086867
415.118,512,7602.086933
425.9158,512,7616.77281
399.2132,512,7616.772882
428.7772,512,7631.361446
399.89127,512,7631.361572
404.08032,512,7646.049737
408.21606,512,7646.049804
399.7237,512,7660.587657
410.59564,512,7660.587721
428.38223,512,7675.049666
403.09464,512,7675.049733
395.3563,512,7689.788738
431.5494,512,7689.788798
407.91266,512,7704.335493
410.66647,512,7704.335558
410.6669,512,7718.925473
408.81256,512,7718.92554
426.6705,512,7733.477666
397.65735,512,7733.482928
400.8594,512,7747.976821
429.031,512,7747.976889
398.48557,512,7762.255274
428.83868,512,7762.255338
425.7083,512,7776.906109
394.80368,512,7776.906176
392.9366,512,7791.366834
404.75922,512,7791.366924
399.61627,512,7805.884447
398.59027,512,7805.884512
392.3812,512,7820.355863
400.85077,512,7820.355928
396.34338,512,7834.610577
402.82355,512,7834.610645
406.87167,512,7849.075269
392.67105,512,7849.07535
421.3115,512,7863.395886
406.4155,512,7863.395952
414.25925,512,7877.771668
399.36923,512,7877.771735
398.8515,512,7892.224124
414.7386,512,7892.224189
390.09808,512,7906.633225
390.07935,512,7906.633292
393.13736,512,7921.138505
396.6211,512,7921.13857
400.32736,512,7935.464438
393.3339,512,7935.464756
424.60223,512,7950.174828
407.85532,512,7950.174898
409.94324,512,7964.821211
402.77988,512,7964.821278
399.88654,512,7979.384942
422.75888,512,7979.385012
410.09195,512,7993.896725
429.99344,512,7993.896787
399.48627,512,8008.584816
407.84552,512,8008.584883
394.64502,512,8023.191507
396.89163,512,8023.191574
403.979,512,8037.56643
432.01923,512,8037.566507
395.21036,512,8052.084078
424.9488,512,8052.084136
404.9019,512,8066.7308
400.4347,512,8066.730876
397.71063,512,8081.236233
395.4466,512,8081.236299
398.62997,512,8095.861069
395.98868,512,8095.861129
427.54126,512,8110.419508
418.04977,512,8110.419576
426.98987,512,8125.035749
401.58023,512,8125.035856
390.38586,512,8139.584156
394.9487,512,8139.584217
428.87762,512,8154.294215
399.09268,512,8154.294282
431.36002,512,8168.850358
401.04346,512,8168.850488
401.86777,512,8183.259595
401.95853,512,8183.25966
405.27994,512,8197.78793
394.64725,512,8197.787996
436.40952,512,8212.339315
391.42407,512,8212.339376
429.96805,512,8226.919992
395.24335,512,8226.920116
394.01544,512,8241.335543
394.59167,512,8241.335609
424.6564,512,8255.926691
394.15485,512,8255.926753
392.01096,512,8270.449086
394.25467,512,8270.449151
419.7761,512,8285.025162
405.21777,512,8285.025227
437.90427,512,8299.625356
394.6898,512,8299.62542
394.3826,512,8314.328656
387.21606,512,8314.328722
391.6324,512,8328.996622
390.33444,512,8328.996689
424.6802,512,8343.446329
412.82358,512,8343.446396
394.43558,512,8358.130623
387.265,512,8358.13075
387.73837,512,8372.612826
388.80383,512,8372.612895
389.69595,512,8387.163166
388.97467,512,8387.163265
424.80008,512,8401.852396
389.51904,512,8401.852463
396.51602,512,8416.332947
415.2875,512,8416.333011
385.17612,512,8430.822691
382.57336,512,8430.822756
386.68823,512,8445.263731
394.84396,512,8445.263798
426.34738,512,8459.505309
386.38074,512,8459.505375
415.89795,512,8473.874482
390.2097,512,8473.874584
426.2142,512,8488.156075
386.8141,512,8488.156144
385.54303,512,8502.382049
394.73245,512,8502.382167
430.18146,512,8516.683472
425.05078,512,8516.683537
400.4667,512,8531.166585
403.17856,512,8531.166651
376.1471,512,8545.613095
384.42664,512,8545.613156
391.53336,512,8559.970804
403.10883,512,8559.97087
389.96335,512,8574.677711
403.40192,512,8574.677778
378.86984,512,8589.082528
399.39615,512,8589.082682
427.54025,512,8603.71035
401.34268,512,8603.710417
424.2063,512,8618.296689
400.21118,512,8618.296807
380.6933,512,8632.719488
400.88037,512,8632.719554
402.8383,512,8647.10237
376.38483,512,8647.102435
397.32678,512,8661.723484
393.7663,512,8661.723552
382.60367,512,8676.220645
420.71274,512,8676.220713
396.07376,512,8690.725665
390.6952,512,8690.725731
371.31583,512,8705.185891
368.28476,512,8705.185957
426.55563,512,8719.601332
373.25146,512,8719.601398
369.1019,512,8733.823065
397.19397,512,8733.823125
398.66885,512,8748.369803
387.5892,512,8748.36987
422.9548,512,8762.910823
401.57306,512,8762.910889
403.61053,512,8777.481198
401.16992,512,8777.481265
422.1744,512,8791.931797
366.5337,512,8791.931864
400.15332,512,8806.410134
431.62198,512,8806.410201
399.50833,512,8820.849353
398.26797,512,8820.849417
370.48914,512,8835.34327
387.5525,512,8835.343335
402.45358,512,8849.879339
401.72726,512,8849.879403
404.75635,512,8864.392433
369.25146,512,8864.392493
398.0906,512,8878.852751
401.54807,512,8878.852884
409.04257,512,8893.362313
402.46863,512,8893.362379
377.0342,512,8907.806961
399.3432,512,8907.807028
397.25485,512,8922.339087
400.55753,512,8922.339154
405.6461,512,8936.905949
426.1321,512,8936.906074
407.28918,512,8951.429644
384.5898,512,8951.42971
370.17325,512,8965.898573
383.25595,512,8965.89864
394.18298,512,8980.290504
427.2917,512,8980.290636
430.41174,512,8994.690582
432.48904,512,8994.690648
404.8706,512,9009.065169
398.3258,512,9009.065236
408.4877,512,9023.528413
405.90994,512,9023.528479
389.11417,512,9038.03211
406.24374,512,9038.032179
434.60056,512,9052.438366
389.2395,512,9052.438432
400.439,512,9066.912035
436.48553,512,9066.912181
366.08914,512,9081.256168
376.28027,512,9081.256296
412.4907,512,9095.645284
397.5467,512,9095.645349
399.41718,512,9110.008253
407.06732,512,9110.008323
397.01505,512,9124.287696
404.89233,512,9124.287762
435.0489,512,9138.756327
403.0852,512,9138.756393
395.2572,512,9153.218912
400.83292,512,9153.218992
379.97394,512,9167.787723
429.4586,512,9167.78779
423.68185,512,9182.290251
390.0212,512,9182.290381
413.9558,512,9196.6916
384.0393,512,9196.691665
371.7787,512,9211.021867
415.63385,512,9211.021935
399.0593,512,9225.625255
428.72977,512,9225.625321
424.95322,512,9239.962313
403.39023,512,9239.96238
382.7502,512,9254.388263
394.53506,512,9254.388331
371.43738,512,9268.92545
375.35104,512,9268.925526
420.66043,512,9283.460474
419.17557,512,9283.460542
412.47644,512,9298.072745
405.92447,512,9298.072812
420.64502,512,9312.691635
414.20105,512,9312.691701
408.84903,512,9327.082848
410.75116,512,9327.082914
410.60245,512,9341.481961
411.9707,512,9341.482029
432.34637,512,9356.020409
410.19147,512,9356.020474
403.72604,512,9370.37208
407.4917,512,9370.37218
412.2486,512,9384.73502
428.08212,512,9384.735119
409.04193,512,9399.145081
410.7023,512,9399.145211
438.23938,512,9413.649411
411.83072,512,9413.649542
421.68784,512,9428.150557
403.69348,512,9428.150625
389.60922,512,9442.589409
417.4364,512,9442.589475
399.4088,512,9457.01045
398.72232,512,9457.010509
395.37036,512,9471.538071
389.42163,512,9471.538139
405.70383,512,9486.013645
394.90533,512,9486.013729
432.79037,512,9500.483516
394.96915,512,9500.483584
400.3169,512,9514.917621
419.00586,512,9514.917686
402.28625,512,9529.449092
393.86963,512,9529.449222
392.56833,512,9543.827246
398.1079,512,9543.827313
440.02435,512,9558.352569
392.30725,512,9558.352751
399.77612,512,9572.854429
402.3154,512,9572.854495
387.8198,512,9587.302228
390.32492,512,9587.302288
394.8665,512,9601.870188
393.52438,512,9601.870253
424.35516,512,9616.361611
395.6958,512,9616.361678
396.83453,512,9630.740182
390.08627,512,9630.740304
414.5822,512,9645.142132
392.6112,512,9645.142198
426.55136,512,9659.546704
396.4426,512,9659.546771
397.20108,512,9674.136733
399.6334,512,9674.136799
389.05087,512,9688.678992
426.71616,512,9688.679061
389.8198,512,9703.278349
385.13562,512,9703.278418
385.69537,512,9717.939401
417.1394,512,9717.939469
387.91907,512,9732.37868
393.52182,512,9732.37874
432.91415,512,9746.712606
423.39047,512,9746.712667
402.27853,512,9761.33524
385.1127,512,9761.33531
418.96548,512,9775.75064
420.00238,512,9775.750707
404.18582,512,9790.235551
395.6463,512,9790.235619
421.94247,512,9804.926368
404.38855,512,9804.926466
420.77368,512,9819.444634
420.7747,512,9819.444701
396.7174,512,9833.954197
385.1746,512,9833.954263
390.72552,512,9848.558192
402.31915,512,9848.558263
429.87292,512,9863.038858
426.66238,512,9863.038927
419.6662,512,9877.812778
413.93466,512,9877.812844
399.59116,512,9892.645813
399.17584,512,9892.64588
398.05038,512,9907.40661
404.59564,512,9907.406677
422.7565,512,9922.072041
396.53467,512,9922.072109
385.41434,512,9936.953277
414.3073,512,9936.953396
385.34875,512,9951.767584
387.93515,512,9951.767715
398.98492,512,9966.621451
384.6134,512,9966.621519
383.25613,512,9981.467841
405.2169,512,9981.467907
399.7405,512,9996.430553
385.6677,512,9996.430686
417.95145,512,10011.246037
403.87082,512,10011.246105
399.9936,512,10025.954154
410.33624,512,10025.95422
404.4511,512,10040.650393
404.85275,512,10040.65046
405.5695,512,10055.430642
421.77463,512,10055.430709
399.1738,512,10070.163031
399.65857,512,10070.163161
413.44006,512,10084.872614
386.08505,512,10084.872677
406.76605,512,10099.69584
406.79938,512,10099.695907
398.86847,512,10114.325081
398.21155,512,10114.32522
404.96973,512,10129.079883
399.25076,512,10129.079951
406.03668,512,10144.013458
383.4842,512,10144.013525
396.675,512,10158.762771
422.98465,512,10158.762897
400.59213,512,10173.538118
383.27734,512,10173.538187
422.82864,512,10188.315769
415.5182,512,10188.315837
399.09784,512,10203.043731
420.8362,512,10203.043798
400.9992,512,10217.965338
422.76715,512,10217.965465
420.96323,512,10232.910767
408.92007,512,10232.910833
409.1133,512,10247.79056
419.6578,512,10247.790646
402.4563,512,10262.675909
412.86075,512,10262.675977
383.08707,512,10277.572074
382.17242,512,10277.57214
378.7231,512,10292.423517
410.527,512,10292.423585
412.42395,512,10307.177704
414.41464,512,10307.177826
408.5023,512,10322.069974
380.02563,512,10322.070116
380.13544,512,10336.938133
418.46738,512,10336.938198
380.23874,512,10351.963304
422.37747,512,10351.963372
379.69974,512,10366.858114
410.43457,512,10366.858184
419.35168,512,10381.686522
420.03897,512,10381.686582
379.76938,512,10396.552654
379.21637,512,10396.552721
419.27008,512,10411.502353
424.54663,512,10411.50242
420.73697,512,10426.551121
419.51422,512,10426.551187
422.9455,512,10441.330727
417.83313,512,10441.330794
398.81818,512,10456.337261
379.47723,512,10456.33733
419.192,512,10471.254919
399.33798,512,10471.254986
417.3312,512,10486.282149
383.85455,512,10486.282215
424.49612,512,10501.204022
417.702,512,10501.204145
424.08344,512,10515.971216
379.10052,512,10515.971281
419.4848,512,10530.896317
378.87048,512,10530.896447
424.1069,512,10545.86445
394.6252,512,10545.864514
422.41818,512,10560.602167
423.93002,512,10560.602248
420.19794,512,10575.450276
406.0041,512,10575.450344
378.41263,512,10590.435503
425.84924,512,10590.435568
426.5011,512,10605.394662
423.17062,512,10605.394729
423.09918,512,10620.427492
415.5432,512,10620.427559
419.46786,512,10635.426972
422.5536,512,10635.427042
427.78183,512,10650.370332
422.03967,512,10650.3704
418.1131,512,10665.408761
394.27844,512,10665.408828
422.36108,512,10680.283565
422.43832,512,10680.283631
423.39233,512,10695.060181
399.25415,512,10695.060248
378.3138,512,10710.100347
424.81293,512,10710.100474
425.33624,512,10724.889761
378.4498,512,10724.889828
428.677,512,10739.737866
421.18362,512,10739.737996
419.89713,512,10754.667106
419.31073,512,10754.667173
417.3478,512,10769.676429
425.81424,512,10769.676496
379.3941,512,10784.426425
417.9313,512,10784.426491
379.45395,512,10799.388037
388.0939,512,10799.388104
401.48016,512,10814.412166
398.4954,512,10814.412257
416.85388,512,10829.304949
403.4769,512,10829.305017
375.4777,512,10844.159129
375.40778,512,10844.159196
428.19836,512,10858.846302
403.12067,512,10858.846367
429.13052,512,10873.646194
420.92468,512,10873.646261
425.97577,512,10888.613514
429.5408,512,10888.61358
394.52826,512,10903.644581
411.1564,512,10903.644641
417.35632,512,10918.496047
414.71677,512,10918.496131
422.89444,512,10933.286614
414.83475,512,10933.286679
428.75046,512,10948.019033
408.3971,512,10948.019098
394.5508,512,10962.967041
382.92105,512,10962.967113
372.31036,512,10977.639961
430.076,512,10977.640081
414.69614,512,10992.591002
388.99316,512,10992.591069
416.0935,512,11007.453389
394.02924,512,11007.453462
392.81387,512,11022.377573
391.88254,512,11022.37764
373.6702,512,11037.12666
386.18387,512,11037.126727
399.06775,512,11051.884146
374.66483,512,11051.884271
430.3847,512,11066.76609
416.48978,512,11066.766156
415.82837,512,11081.58702
395.1009,512,11081.587087
372.76236,512,11096.355997
423.75626,512,11096.356064
416.79654,512,11111.115784
375.54373,512,11111.115909
427.38406,512,11125.949803
413.26862,512,11125.949872
400.43536,512,11140.663474
397.68265,512,11140.663602
372.3608,512,11155.506327
414.82022,512,11155.506393
413.1949,512,11170.147367
372.40964,512,11170.147435
392.84897,512,11184.881865
433.25687,512,11184.881998
432.13522,512,11199.605265
417.0448,512,11199.605407
372.66907,512,11214.312579
413.42804,512,11214.312698
374.9546,512,11229.142739
372.6244,512,11229.142804
433.41602,512,11243.896174
417.86087,512,11243.896242
372.31055,512,11258.640346
420.5772,512,11258.640441
374.9887,512,11273.470225
388.24432,512,11273.470291
392.9105,512,11288.26867
429.3787,512,11288.268735
371.6043,512,11303.193576
397.8461,512,11303.193645
389.6729,512,11317.903428
413.74487,512,11317.903494
373.04092,512,11332.783213
407.3544,512,11332.783274
427.91116,512,11347.43346
420.66513,512,11347.433527
419.21655,512,11362.093153
370.0401,512,11362.09322
413.7403,512,11376.989613
415.9066,512,11376.989678
370.1462,512,11391.786552
414.32947,512,11391.786615
373.17844,512,11406.525607
395.74432,512,11406.525674
423.52356,512,11421.265994
371.70316,512,11421.266059
430.82672,512,11435.914119
430.32877,512,11435.914185
369.96368,512,11450.556606
432.35025,512,11450.556672
429.4854,512,11465.339586
395.57608,512,11465.339646
418.22635,512,11480.29153
394.96747,512,11480.291599
387.6771,512,11494.999248
428.6963,512,11494.999333
413.53418,512,11509.999275
398.6156,512,11509.999339
418.2537,512,11524.881961
396.80405,512,11524.882034
417.59796,512,11539.706289
420.60526,512,11539.706354
371.69708,512,11554.48742
421.83353,512,11554.48754
424.09644,512,11569.302916
432.33228,512,11569.30298
400.21887,512,11584.107177
371.91238,512,11584.107246
430.49207,512,11598.87052
418.1649,512,11598.870588
371.7675,512,11613.738916
373.97296,512,11613.738981
397.55203,512,11628.504236
412.06735,512,11628.504302
430.20987,512,11643.263042
413.87415,512,11643.263099
406.44308,512,11657.952703
431.3895,512,11657.952767
415.44974,512,11672.815303
413.72015,512,11672.815435
413.93268,512,11687.644487
398.52,512,11687.644559
371.58118,512,11702.483425
376.39413,512,11702.483491
424.2972,512,11717.372488
432.1924,512,11717.372566
432.5658,512,11732.21886
395.61264,512,11732.218924
374.27383,512,11747.013692
373.56332,512,11747.013755
428.7589,512,11761.919036
399.737,512,11761.919101
413.6639,512,11776.963497
420.67172,512,11776.963561
435.60007,512,11791.750733
371.57553,512,11791.750798
386.20605,512,11806.439581
417.1802,512,11806.439649
378.60254,512,11821.254682
395.70886,512,11821.254746
419.0434,512,11836.049027
371.50848,512,11836.049141
396.43527,512,11850.887534
427.1848,512,11850.887657
393.85138,512,11865.792609
416.0103,512,11865.792668
430.73862,512,11880.565597
426.68848,512,11880.565663
419.3979,512,11895.29547
422.89542,512,11895.29553
426.59256,512,11910.13852
394.68253,512,11910.138584
425.00677,512,11924.868041
427.79608,512,11924.868117
414.0114,512,11939.626427
393.25162,512,11939.626493
378.24615,512,11954.421124
416.69272,512,11954.421187
377.06754,512,11969.179887
376.182,512,11969.179958
420.70734,512,11984.050255
430.32425,512,11984.050321
427.68228,512,11998.88721
419.08078,512,11998.887277
423.88925,512,12013.488639
428.84274,512,12013.4887
420.98718,512,12028.305285
393.92603,512,12028.305353
425.9398,512,12043.085997
430.79773,512,12043.086086
404.52875,512,12057.875559
394.58905,512,12057.875624
406.24268,512,12072.635536
403.10065,512,12072.635602
424.35986,512,12087.266789
418.18723,512,12087.266851
422.0622,512,12101.994994
378.18094,512,12101.995096
412.9777,512,12116.81564
411.80115,512,12116.815706
422.30826,512,12131.616215
419.3674,512,12131.616279
429.98135,512,12146.363089
379.38483,512,12146.363154
423.62167,512,12161.134397
379.0434,512,12161.134465
422.1654,512,12176.039069
421.65414,512,12176.039212
422.69315,512,12190.701986
426.8692,512,12190.702054
424.85562,512,12205.538666
418.49976,512,12205.538732
424.72562,512,12220.19493
424.52982,512,12220.194995
418.65024,512,12234.875522
418.1375,512,12234.875586
414.3242,512,12249.743775
425.94604,512,12249.743841
420.85138,512,12264.500602
413.6526,512,12264.500666
421.9681,512,12279.366143
393.0223,512,12279.366237
421.42343,512,12294.063776
376.8365,512,12294.063844
416.9959,512,12308.765022
376.58594,512,12308.765084
376.34384,512,12323.667413
392.714,512,12323.667478
429.4274,512,12338.57765
423.49338,512,12338.57777
376.72064,512,12353.41228
399.19147,512,12353.412368
422.1179,512,12368.331594
378.31528,512,12368.331659
421.55865,512,12383.080816
393.72903,512,12383.080955
376.99527,512,12397.94029
376.22546,512,12397.940355
415.49442,512,12412.663423
421.3117,512,12412.663512
418.29233,512,12427.399138
402.35416,512,12427.399263
422.7428,512,12442.027438
419.43173,512,12442.027503
378.44547,512,12456.768058
401.16382,512,12456.768124
416.76428,512,12471.377268
423.10217,512,12471.377345
402.11676,512,12486.188504
377.25607,512,12486.188581
415.16086,512,12500.888866
418.82004,512,12500.88893
419.02423,512,12515.658003
426.98294,512,12515.658069
379.89404,512,12530.401973
428.86395,512,12530.40204
419.2272,512,12545.169361
405.63,512,12545.169427
376.18207,512,12559.924388
401.65356,512,12559.924448
414.1869,512,12574.64386
379.86954,512,12574.643927
402.80185,512,12589.462052
426.9995,512,12589.462119
430.66217,512,12604.158968
382.37784,512,12604.159037
377.37427,512,12618.814975
404.11948,512,12618.81505
425.21655,512,12633.562238
421.73102,512,12633.562304
431.88577,512,12648.388475
404.84497,512,12648.38854
408.86615,512,12663.238854
421.2335,512,12663.238922
430.39096,512,12678.077668
394.19812,512,12678.077734
422.2091,512,12692.878995
404.385,512,12692.879117
385.17505,512,12707.716781
430.17764,512,12707.716892
429.94598,512,12722.605446
414.09372,512,12722.605572
427.28894,512,12737.248605
424.93295,512,12737.248669
392.7601,512,12751.923421
431.92886,512,12751.923488
379.4017,512,12766.711946
416.5872,512,12766.712012
421.557,512,12781.570921
418.01746,512,12781.570987
418.9322,512,12796.52418
411.64313,512,12796.524244
401.7684,512,12811.412736
403.33597,512,12811.412804
383.40604,512,12826.280747
381.4213,512,12826.280864
388.2306,512,12841.394398
419.46634,512,12841.394467
388.60263,512,12856.538836
439.5015,512,12856.538994
439.91653,512,12871.710183
443.8845,512,12871.710248
438.32413,512,12886.951633
444.18204,512,12886.951696
419.64517,512,12902.286587
411.96954,512,12902.286653
417.76486,512,12917.573213
442.95972,512,12917.573272
390.75024,512,12932.735806
422.16913,512,12932.73587
417.8493,512,12948.039267
417.84525,512,12948.03933
424.55182,512,12963.442157
391.70184,512,12963.442222
414.89014,512,12978.75844
393.71744,512,12978.758561
392.1294,512,12994.12273
428.0485,512,12994.122807
438.1464,512,13009.496928
392.07065,512,13009.497017
422.73715,512,13024.227671
421.9266,512,13024.227798
393.8702,512,13039.425853
421.58145,512,13039.425943
415.3489,512,13054.374623
425.60876,512,13054.374737
427.55835,512,13069.608194
393.483,512,13069.608319
395.82257,512,13084.469286
396.0319,512,13084.469406
427.77924,512,13099.532801
427.67776,512,13099.532926
449.66876,512,13114.30369
397.99915,512,13114.303756
424.89438,512,13129.129317
441.88315,512,13129.129385
397.93747,512,13144.160648
399.32764,512,13144.160715
436.35,512,13158.994752
449.27444,512,13158.994815
396.94742,512,13173.77981
434.6798,512,13173.779877
420.448,512,13188.664934
440.43198,512,13188.665003
389.16187,512,13203.22897
410.84116,512,13203.229037
447.24033,512,13217.592261
420.88058,512,13217.592326
418.44263,512,13232.162463
422.6747,512,13232.162527
432.6047,512,13246.723572
411.95206,512,13246.723635
432.99622,512,13261.339573
414.98984,512,13261.339704
421.85306,512,13275.999546
435.79996,512,13275.999611
387.34592,512,13290.522549
433.5423,512,13290.522611
390.31613,512,13305.050889
415.02103,512,13305.05105
390.104,512,13319.561143
415.20966,512,13319.561207
388.7396,512,13334.192221
390.10223,512,13334.192282
416.7629,512,13348.817378
437.1355,512,13348.817445
386.7829,512,13363.360219
412.66016,512,13363.360293
412.8975,512,13377.952614
426.29758,512,13377.952677
423.5838,512,13392.553057
429.84058,512,13392.553123
428.1952,512,13407.072829
413.17282,512,13407.072894
441.869,512,13421.627527
385.80823,512,13421.627589
413.9616,512,13436.23872
414.96417,512,13436.238785
411.3967,512,13450.867783
425.7232,512,13450.867846
392.4238,512,13465.491141
431.5259,512,13465.491207
434.68872,512,13480.041929
422.0796,512,13480.041994
409.08453,512,13494.681844
409.66425,512,13494.681909
390.62347,512,13509.25551
412.0939,512,13509.255574
386.48868,512,13523.754766
419.36343,512,13523.754832
410.65057,512,13538.298219
388.1248,512,13538.298281
413.0932,512,13552.827432
410.514,512,13552.827498
419.1922,512,13567.279745
427.79016,512,13567.279809
417.95508,512,13581.880722
440.92914,512,13581.880785
433.63766,512,13596.457644
430.6965,512,13596.457724
431.58527,512,13610.982776
413.0448,512,13610.982842
445.0967,512,13625.682166
419.261,512,13625.68223
434.21524,512,13640.39936
422.29663,512,13640.399484
445.7964,512,13654.937658
409.2962,512,13654.937725
432.28165,512,13669.761294
432.2002,512,13669.761411
390.51016,512,13684.358964
410.9685,512,13684.35903
417.49973,512,13698.843775
387.54373,512,13698.843934
425.33185,512,13713.498471
426.53253,512,13713.498535
421.41516,512,13728.281254
446.95303,512,13728.281319
434.76495,512,13742.849476
433.75204,512,13742.849604
425.13797,512,13757.498215
434.09576,512,13757.498282
443.498,512,13772.032284
425.27557,512,13772.032408
433.09274,512,13786.597864
427.50958,512,13786.597931
440.17953,512,13801.153282
417.04605,512,13801.153347
414.95212,512,13815.68017
433.06827,512,13815.680237
438.1117,512,13830.44281
433.073,512,13830.442876
441.20868,512,13844.985985
413.3185,512,13844.986116
416.61243,512,13859.447098
417.74728,512,13859.447269
414.17813,512,13873.786599
409.5237,512,13873.786667
414.3126,512,13888.498791
424.947,512,13888.498858
424.34067,512,13903.165994
413.64243,512,13903.16606
424.927,512,13917.763472
439.45602,512,13917.76354
412.62408,512,13932.438634
386.7748,512,13932.438699
412.49728,512,13946.783061
419.96097,512,13946.783131
418.96213,512,13961.50324
430.18665,512,13961.503304
413.82712,512,13976.167348
410.97546,512,13976.167413
425.79108,512,13990.772004
427.43698,512,13990.772073
417.74063,512,14005.422695
422.25433,512,14005.42276
420.03516,512,14020.064315
392.44366,512,14020.064378
386.8474,512,14034.755742
440.85687,512,14034.755804
399.47232,512,14049.385983
389.35956,512,14049.386045
427.41278,512,14064.240897
409.06726,512,14064.240957
423.11517,512,14078.818334
410.71243,512,14078.818404
385.9775,512,14093.570123
436.69614,512,14093.570188
416.27017,512,14108.093974
415.51367,512,14108.094038
417.03366,512,14122.619635
412.18332,512,14122.61977
386.69,512,14137.463441
437.34418,512,14137.463508
419.80576,512,14151.958603
410.40857,512,14151.958668
417.6138,512,14166.563549
429.06027,512,14166.563683
420.93323,512,14181.199818
384.26373,512,14181.199899
386.4163,512,14195.944213
388.7457,512,14195.944275
388.29886,512,14210.739598
431.57632,512,14210.739663
412.3364,512,14225.354478
425.79614,512,14225.354543
386.352,512,14240.088253
429.39243,512,14240.08832
408.51782,512,14254.928052
437.82397,512,14254.928118
413.46042,512,14269.754215
385.9106,512,14269.754283
437.6052,512,14284.2846
407.67615,512,14284.28474
384.7937,512,14299.046621
432.04886,512,14299.046687
436.89328,512,14313.867821
432.65195,512,14313.867888
424.6359,512,14328.461188
414.24045,512,14328.461339
391.60574,512,14343.126007
390.6465,512,14343.126074
387.80414,512,14357.777773
428.43396,512,14357.777839
391.28055,512,14372.440414
439.4176,512,14372.440539
416.84796,512,14387.171357
415.20145,512,14387.171484
410.96814,512,14401.79996
424.71893,512,14401.800025
427.54037,512,14416.548876
386.8272,512,14416.548942
401.24835,512,14572.519033
387.2147,512,14572.519101
440.95654,512,14587.27415
415.28546,512,14587.274211
422.4191,512,14601.862078
413.96652,512,14601.862147
383.4939,512,14616.411937
384.4647,512,14616.412062
